"sourceRoute"	"executionKind"	"sourceOwner"	"sourceRevision"	"sourceFile"	"sourceLine"	"candidateKind"	"candidateTarget"	"candidateOwner"	"reviewState"	"finalDisposition"	"finalTarget"	"evidence"	"reviewNote"
"_meta/capabilities"	"immediate"	"com.vm233.unity-mcp"	"3441d9e63486d51e3bdccf872cc1c5bcdd1ac23c"	"Editor/MCPBuiltInRouteDescriptorRegistry.cs"	"13"	"merge_candidate"	"vm_catalog_status"	"official_and_or_vm_pipeline"	"pending_semantic_review"	"pending"	""	""	"Prove combined input, output, error, effect, lifecycle, and consumer equivalence before retiring the route."
"_meta/tools"	"immediate"	"com.vm233.unity-mcp"	"3441d9e63486d51e3bdccf872cc1c5bcdd1ac23c"	"Editor/MCPBuiltInRouteDescriptorRegistry.cs"	"14"	"merge_candidate"	"unity command discovery|vm_catalog_list|vm_catalog_get"	"official_and_or_vm_pipeline"	"pending_semantic_review"	"pending"	""	""	"Prove combined input, output, error, effect, lifecycle, and consumer equivalence before retiring the route."
"addressables/build"	"immediate"	"com.vm233.unity-mcp"	"3441d9e63486d51e3bdccf872cc1c5bcdd1ac23c"	"Editor/MCPBuiltInRouteDescriptorRegistry.cs"	"15"	"custom_cli_review"	"vm_addressables_build"	"com.vm233.unity-pipeline"	"pending_contract_migration"	"pending"	""	""	"Create a typed Pipeline command that calls the production owner directly; do not call the MCP dispatcher."
"addressables/info"	"immediate"	"com.vm233.unity-mcp"	"3441d9e63486d51e3bdccf872cc1c5bcdd1ac23c"	"Editor/MCPBuiltInRouteDescriptorRegistry.cs"	"16"	"custom_cli_review"	"vm_addressables_info"	"com.vm233.unity-pipeline"	"pending_contract_migration"	"pending"	""	""	"Create a typed Pipeline command that calls the production owner directly; do not call the MCP dispatcher."
"addressables/transaction"	"immediate"	"com.vm233.unity-mcp"	"3441d9e63486d51e3bdccf872cc1c5bcdd1ac23c"	"Editor/MCPBuiltInRouteDescriptorRegistry.cs"	"17"	"custom_cli_review"	"vm_addressables_transaction"	"com.vm233.unity-pipeline"	"pending_contract_migration"	"pending"	""	""	"Create a typed Pipeline command that calls the production owner directly; do not call the MCP dispatcher."
"agents/list"	"immediate"	"com.vm233.unity-mcp"	"3441d9e63486d51e3bdccf872cc1c5bcdd1ac23c"	"Editor/MCPBuiltInRouteDescriptorRegistry.cs"	"18"	"retire_candidate"	""	"none_after_cutover"	"pending_consumer_zero_proof"	"pending"	""	""	"Unity CLI client owns process/session inventory"
"agents/log"	"immediate"	"com.vm233.unity-mcp"	"3441d9e63486d51e3bdccf872cc1c5bcdd1ac23c"	"Editor/MCPBuiltInRouteDescriptorRegistry.cs"	"19"	"retire_candidate"	""	"none_after_cutover"	"pending_consumer_zero_proof"	"pending"	""	""	"Unity CLI stderr and artifact logs replace MCP agent logs"
"animation/add-event"	"immediate"	"com.vm233.unity-mcp"	"3441d9e63486d51e3bdccf872cc1c5bcdd1ac23c"	"Editor/MCPBuiltInRouteDescriptorRegistry.cs"	"20"	"custom_cli_review"	"vm_animation_add_event"	"com.vm233.unity-pipeline"	"pending_contract_migration"	"pending"	""	""	"Create a typed Pipeline command that calls the production owner directly; do not call the MCP dispatcher."
"animation/add-keyframe"	"immediate"	"com.vm233.unity-mcp"	"3441d9e63486d51e3bdccf872cc1c5bcdd1ac23c"	"Editor/MCPBuiltInRouteDescriptorRegistry.cs"	"21"	"custom_cli_review"	"vm_animation_add_keyframe"	"com.vm233.unity-pipeline"	"pending_contract_migration"	"pending"	""	""	"Create a typed Pipeline command that calls the production owner directly; do not call the MCP dispatcher."
"animation/add-layer"	"immediate"	"com.vm233.unity-mcp"	"3441d9e63486d51e3bdccf872cc1c5bcdd1ac23c"	"Editor/MCPBuiltInRouteDescriptorRegistry.cs"	"22"	"official_candidate"	"add_animator_layer"	"com.unity.pipeline"	"pending_semantic_review"	"pending"	""	""	"Name/action match only; prove input, output, error, side-effect, transaction, lifecycle, and consumer parity."
"animation/add-parameter"	"immediate"	"com.vm233.unity-mcp"	"3441d9e63486d51e3bdccf872cc1c5bcdd1ac23c"	"Editor/MCPBuiltInRouteDescriptorRegistry.cs"	"23"	"official_candidate"	"add_animator_parameter"	"com.unity.pipeline"	"pending_semantic_review"	"pending"	""	""	"Name/action match only; prove input, output, error, side-effect, transaction, lifecycle, and consumer parity."
"animation/add-state"	"immediate"	"com.vm233.unity-mcp"	"3441d9e63486d51e3bdccf872cc1c5bcdd1ac23c"	"Editor/MCPBuiltInRouteDescriptorRegistry.cs"	"24"	"official_candidate"	"add_animator_state"	"com.unity.pipeline"	"pending_semantic_review"	"pending"	""	""	"Name/action match only; prove input, output, error, side-effect, transaction, lifecycle, and consumer parity."
"animation/add-transition"	"immediate"	"com.vm233.unity-mcp"	"3441d9e63486d51e3bdccf872cc1c5bcdd1ac23c"	"Editor/MCPBuiltInRouteDescriptorRegistry.cs"	"25"	"official_candidate"	"add_animator_transition"	"com.unity.pipeline"	"pending_semantic_review"	"pending"	""	""	"Name/action match only; prove input, output, error, side-effect, transaction, lifecycle, and consumer parity."
"animation/assign-controller"	"immediate"	"com.vm233.unity-mcp"	"3441d9e63486d51e3bdccf872cc1c5bcdd1ac23c"	"Editor/MCPBuiltInRouteDescriptorRegistry.cs"	"26"	"custom_cli_review"	"vm_animation_assign_controller"	"com.vm233.unity-pipeline"	"pending_contract_migration"	"pending"	""	""	"Create a typed Pipeline command that calls the production owner directly; do not call the MCP dispatcher."
"animation/clip-info"	"immediate"	"com.vm233.unity-mcp"	"3441d9e63486d51e3bdccf872cc1c5bcdd1ac23c"	"Editor/MCPBuiltInRouteDescriptorRegistry.cs"	"27"	"official_candidate"	"get_animation_clip"	"com.unity.pipeline"	"pending_semantic_review"	"pending"	""	""	"Name/action match only; prove input, output, error, side-effect, transaction, lifecycle, and consumer parity."
"animation/connect-states"	"immediate"	"com.vm233.unity-mcp"	"3441d9e63486d51e3bdccf872cc1c5bcdd1ac23c"	"Editor/MCPBuiltInRouteDescriptorRegistry.cs"	"28"	"custom_cli_review"	"vm_animation_connect_states"	"com.vm233.unity-pipeline"	"pending_contract_migration"	"pending"	""	""	"Create a typed Pipeline command that calls the production owner directly; do not call the MCP dispatcher."
"animation/controller-info"	"immediate"	"com.vm233.unity-mcp"	"3441d9e63486d51e3bdccf872cc1c5bcdd1ac23c"	"Editor/MCPBuiltInRouteDescriptorRegistry.cs"	"29"	"official_candidate"	"get_animator_controller"	"com.unity.pipeline"	"pending_semantic_review"	"pending"	""	""	"Name/action match only; prove input, output, error, side-effect, transaction, lifecycle, and consumer parity."
"animation/create-blend-tree"	"immediate"	"com.vm233.unity-mcp"	"3441d9e63486d51e3bdccf872cc1c5bcdd1ac23c"	"Editor/MCPBuiltInRouteDescriptorRegistry.cs"	"30"	"custom_cli_review"	"vm_animation_create_blend_tree"	"com.vm233.unity-pipeline"	"pending_contract_migration"	"pending"	""	""	"Create a typed Pipeline command that calls the production owner directly; do not call the MCP dispatcher."
"animation/create-clip"	"immediate"	"com.vm233.unity-mcp"	"3441d9e63486d51e3bdccf872cc1c5bcdd1ac23c"	"Editor/MCPBuiltInRouteDescriptorRegistry.cs"	"31"	"official_candidate"	"create_animation_clip"	"com.unity.pipeline"	"pending_semantic_review"	"pending"	""	""	"Name/action match only; prove input, output, error, side-effect, transaction, lifecycle, and consumer parity."
"animation/create-controller"	"immediate"	"com.vm233.unity-mcp"	"3441d9e63486d51e3bdccf872cc1c5bcdd1ac23c"	"Editor/MCPBuiltInRouteDescriptorRegistry.cs"	"32"	"official_candidate"	"create_animator_controller"	"com.unity.pipeline"	"pending_semantic_review"	"pending"	""	""	"Name/action match only; prove input, output, error, side-effect, transaction, lifecycle, and consumer parity."
"animation/get-blend-tree"	"immediate"	"com.vm233.unity-mcp"	"3441d9e63486d51e3bdccf872cc1c5bcdd1ac23c"	"Editor/MCPBuiltInRouteDescriptorRegistry.cs"	"33"	"custom_cli_review"	"vm_animation_get_blend_tree"	"com.vm233.unity-pipeline"	"pending_contract_migration"	"pending"	""	""	"Create a typed Pipeline command that calls the production owner directly; do not call the MCP dispatcher."
"animation/get-curve-keyframes"	"immediate"	"com.vm233.unity-mcp"	"3441d9e63486d51e3bdccf872cc1c5bcdd1ac23c"	"Editor/MCPBuiltInRouteDescriptorRegistry.cs"	"34"	"custom_cli_review"	"vm_animation_get_curve_keyframes"	"com.vm233.unity-pipeline"	"pending_contract_migration"	"pending"	""	""	"Create a typed Pipeline command that calls the production owner directly; do not call the MCP dispatcher."
"animation/get-events"	"immediate"	"com.vm233.unity-mcp"	"3441d9e63486d51e3bdccf872cc1c5bcdd1ac23c"	"Editor/MCPBuiltInRouteDescriptorRegistry.cs"	"35"	"custom_cli_review"	"vm_animation_get_events"	"com.vm233.unity-pipeline"	"pending_contract_migration"	"pending"	""	""	"Create a typed Pipeline command that calls the production owner directly; do not call the MCP dispatcher."
"animation/remove-curve"	"immediate"	"com.vm233.unity-mcp"	"3441d9e63486d51e3bdccf872cc1c5bcdd1ac23c"	"Editor/MCPBuiltInRouteDescriptorRegistry.cs"	"36"	"official_candidate"	"remove_animation_curve"	"com.unity.pipeline"	"pending_semantic_review"	"pending"	""	""	"Name/action match only; prove input, output, error, side-effect, transaction, lifecycle, and consumer parity."
"animation/remove-event"	"immediate"	"com.vm233.unity-mcp"	"3441d9e63486d51e3bdccf872cc1c5bcdd1ac23c"	"Editor/MCPBuiltInRouteDescriptorRegistry.cs"	"37"	"custom_cli_review"	"vm_animation_remove_event"	"com.vm233.unity-pipeline"	"pending_contract_migration"	"pending"	""	""	"Create a typed Pipeline command that calls the production owner directly; do not call the MCP dispatcher."
"animation/remove-keyframe"	"immediate"	"com.vm233.unity-mcp"	"3441d9e63486d51e3bdccf872cc1c5bcdd1ac23c"	"Editor/MCPBuiltInRouteDescriptorRegistry.cs"	"38"	"custom_cli_review"	"vm_animation_remove_keyframe"	"com.vm233.unity-pipeline"	"pending_contract_migration"	"pending"	""	""	"Create a typed Pipeline command that calls the production owner directly; do not call the MCP dispatcher."
"animation/remove-layer"	"immediate"	"com.vm233.unity-mcp"	"3441d9e63486d51e3bdccf872cc1c5bcdd1ac23c"	"Editor/MCPBuiltInRouteDescriptorRegistry.cs"	"39"	"custom_cli_review"	"vm_animation_remove_layer"	"com.vm233.unity-pipeline"	"pending_contract_migration"	"pending"	""	""	"Create a typed Pipeline command that calls the production owner directly; do not call the MCP dispatcher."
"animation/remove-parameter"	"immediate"	"com.vm233.unity-mcp"	"3441d9e63486d51e3bdccf872cc1c5bcdd1ac23c"	"Editor/MCPBuiltInRouteDescriptorRegistry.cs"	"40"	"custom_cli_review"	"vm_animation_remove_parameter"	"com.vm233.unity-pipeline"	"pending_contract_migration"	"pending"	""	""	"Create a typed Pipeline command that calls the production owner directly; do not call the MCP dispatcher."
"animation/remove-state"	"immediate"	"com.vm233.unity-mcp"	"3441d9e63486d51e3bdccf872cc1c5bcdd1ac23c"	"Editor/MCPBuiltInRouteDescriptorRegistry.cs"	"41"	"custom_cli_review"	"vm_animation_remove_state"	"com.vm233.unity-pipeline"	"pending_contract_migration"	"pending"	""	""	"Create a typed Pipeline command that calls the production owner directly; do not call the MCP dispatcher."
"animation/remove-transition"	"immediate"	"com.vm233.unity-mcp"	"3441d9e63486d51e3bdccf872cc1c5bcdd1ac23c"	"Editor/MCPBuiltInRouteDescriptorRegistry.cs"	"42"	"custom_cli_review"	"vm_animation_remove_transition"	"com.vm233.unity-pipeline"	"pending_contract_migration"	"pending"	""	""	"Create a typed Pipeline command that calls the production owner directly; do not call the MCP dispatcher."
"animation/set-clip-curve"	"immediate"	"com.vm233.unity-mcp"	"3441d9e63486d51e3bdccf872cc1c5bcdd1ac23c"	"Editor/MCPBuiltInRouteDescriptorRegistry.cs"	"43"	"official_candidate"	"set_animation_curve"	"com.unity.pipeline"	"pending_semantic_review"	"pending"	""	""	"Name/action match only; prove input, output, error, side-effect, transaction, lifecycle, and consumer parity."
"animation/set-clip-settings"	"immediate"	"com.vm233.unity-mcp"	"3441d9e63486d51e3bdccf872cc1c5bcdd1ac23c"	"Editor/MCPBuiltInRouteDescriptorRegistry.cs"	"44"	"custom_cli_review"	"vm_animation_set_clip_settings"	"com.vm233.unity-pipeline"	"pending_contract_migration"	"pending"	""	""	"Create a typed Pipeline command that calls the production owner directly; do not call the MCP dispatcher."
"animation/set-object-reference-curve"	"immediate"	"com.vm233.unity-mcp"	"3441d9e63486d51e3bdccf872cc1c5bcdd1ac23c"	"Editor/MCPBuiltInRouteDescriptorRegistry.cs"	"45"	"custom_cli_review"	"vm_animation_set_object_reference_curve"	"com.vm233.unity-pipeline"	"pending_contract_migration"	"pending"	""	""	"Create a typed Pipeline command that calls the production owner directly; do not call the MCP dispatcher."
"animation/transition-info"	"immediate"	"com.vm233.unity-mcp"	"3441d9e63486d51e3bdccf872cc1c5bcdd1ac23c"	"Editor/MCPBuiltInRouteDescriptorRegistry.cs"	"46"	"custom_cli_review"	"vm_animation_transition_info"	"com.vm233.unity-pipeline"	"pending_contract_migration"	"pending"	""	""	"Create a typed Pipeline command that calls the production owner directly; do not call the MCP dispatcher."
"animation/update-state"	"immediate"	"com.vm233.unity-mcp"	"3441d9e63486d51e3bdccf872cc1c5bcdd1ac23c"	"Editor/MCPBuiltInRouteDescriptorRegistry.cs"	"47"	"custom_cli_review"	"vm_animation_update_state"	"com.vm233.unity-pipeline"	"pending_contract_migration"	"pending"	""	""	"Create a typed Pipeline command that calls the production owner directly; do not call the MCP dispatcher."
"animation/update-transition"	"immediate"	"com.vm233.unity-mcp"	"3441d9e63486d51e3bdccf872cc1c5bcdd1ac23c"	"Editor/MCPBuiltInRouteDescriptorRegistry.cs"	"48"	"custom_cli_review"	"vm_animation_update_transition"	"com.vm233.unity-pipeline"	"pending_contract_migration"	"pending"	""	""	"Create a typed Pipeline command that calls the production owner directly; do not call the MCP dispatcher."
"animation/validate-controller"	"immediate"	"com.vm233.unity-mcp"	"3441d9e63486d51e3bdccf872cc1c5bcdd1ac23c"	"Editor/MCPBuiltInRouteDescriptorRegistry.cs"	"49"	"custom_cli_review"	"vm_animation_validate_controller"	"com.vm233.unity-pipeline"	"pending_contract_migration"	"pending"	""	""	"Create a typed Pipeline command that calls the production owner directly; do not call the MCP dispatcher."
"asmdef/add-references"	"immediate"	"com.vm233.unity-mcp"	"3441d9e63486d51e3bdccf872cc1c5bcdd1ac23c"	"Editor/MCPBuiltInRouteDescriptorRegistry.cs"	"50"	"custom_cli_review"	"vm_asmdef_add_references"	"com.vm233.unity-pipeline"	"pending_contract_migration"	"pending"	""	""	"Create a typed Pipeline command that calls the production owner directly; do not call the MCP dispatcher."
"asmdef/create"	"immediate"	"com.vm233.unity-mcp"	"3441d9e63486d51e3bdccf872cc1c5bcdd1ac23c"	"Editor/MCPBuiltInRouteDescriptorRegistry.cs"	"51"	"custom_cli_review"	"vm_asmdef_create"	"com.vm233.unity-pipeline"	"pending_contract_migration"	"pending"	""	""	"Create a typed Pipeline command that calls the production owner directly; do not call the MCP dispatcher."
"asmdef/create-ref"	"immediate"	"com.vm233.unity-mcp"	"3441d9e63486d51e3bdccf872cc1c5bcdd1ac23c"	"Editor/MCPBuiltInRouteDescriptorRegistry.cs"	"52"	"custom_cli_review"	"vm_asmdef_create_ref"	"com.vm233.unity-pipeline"	"pending_contract_migration"	"pending"	""	""	"Create a typed Pipeline command that calls the production owner directly; do not call the MCP dispatcher."
"asmdef/info"	"immediate"	"com.vm233.unity-mcp"	"3441d9e63486d51e3bdccf872cc1c5bcdd1ac23c"	"Editor/MCPBuiltInRouteDescriptorRegistry.cs"	"53"	"custom_cli_review"	"vm_asmdef_info"	"com.vm233.unity-pipeline"	"pending_contract_migration"	"pending"	""	""	"Create a typed Pipeline command that calls the production owner directly; do not call the MCP dispatcher."
"asmdef/list"	"immediate"	"com.vm233.unity-mcp"	"3441d9e63486d51e3bdccf872cc1c5bcdd1ac23c"	"Editor/MCPBuiltInRouteDescriptorRegistry.cs"	"54"	"custom_cli_review"	"vm_asmdef_list"	"com.vm233.unity-pipeline"	"pending_contract_migration"	"pending"	""	""	"Create a typed Pipeline command that calls the production owner directly; do not call the MCP dispatcher."
"asmdef/remove-references"	"immediate"	"com.vm233.unity-mcp"	"3441d9e63486d51e3bdccf872cc1c5bcdd1ac23c"	"Editor/MCPBuiltInRouteDescriptorRegistry.cs"	"55"	"custom_cli_review"	"vm_asmdef_remove_references"	"com.vm233.unity-pipeline"	"pending_contract_migration"	"pending"	""	""	"Create a typed Pipeline command that calls the production owner directly; do not call the MCP dispatcher."
"asmdef/set-platforms"	"immediate"	"com.vm233.unity-mcp"	"3441d9e63486d51e3bdccf872cc1c5bcdd1ac23c"	"Editor/MCPBuiltInRouteDescriptorRegistry.cs"	"56"	"custom_cli_review"	"vm_asmdef_set_platforms"	"com.vm233.unity-pipeline"	"pending_contract_migration"	"pending"	""	""	"Create a typed Pipeline command that calls the production owner directly; do not call the MCP dispatcher."
"asmdef/update-settings"	"immediate"	"com.vm233.unity-mcp"	"3441d9e63486d51e3bdccf872cc1c5bcdd1ac23c"	"Editor/MCPBuiltInRouteDescriptorRegistry.cs"	"57"	"custom_cli_review"	"vm_asmdef_update_settings"	"com.vm233.unity-pipeline"	"pending_contract_migration"	"pending"	""	""	"Create a typed Pipeline command that calls the production owner directly; do not call the MCP dispatcher."
"asset/copy"	"immediate"	"com.vm233.unity-mcp"	"3441d9e63486d51e3bdccf872cc1c5bcdd1ac23c"	"Editor/MCPBuiltInRouteDescriptorRegistry.cs"	"58"	"official_candidate"	"copy_asset"	"com.unity.pipeline"	"pending_semantic_review"	"pending"	""	""	"Name/action match only; prove input, output, error, side-effect, transaction, lifecycle, and consumer parity."
"asset/create-folder"	"immediate"	"com.vm233.unity-mcp"	"3441d9e63486d51e3bdccf872cc1c5bcdd1ac23c"	"Editor/MCPBuiltInRouteDescriptorRegistry.cs"	"59"	"official_candidate"	"create_folder"	"com.unity.pipeline"	"pending_semantic_review"	"pending"	""	""	"Name/action match only; prove input, output, error, side-effect, transaction, lifecycle, and consumer parity."
"asset/create-material"	"immediate"	"com.vm233.unity-mcp"	"3441d9e63486d51e3bdccf872cc1c5bcdd1ac23c"	"Editor/MCPBuiltInRouteDescriptorRegistry.cs"	"60"	"official_candidate"	"create_asset"	"com.unity.pipeline"	"pending_semantic_review"	"pending"	""	""	"Name/action match only; prove input, output, error, side-effect, transaction, lifecycle, and consumer parity."
"asset/create-prefab"	"immediate"	"com.vm233.unity-mcp"	"3441d9e63486d51e3bdccf872cc1c5bcdd1ac23c"	"Editor/MCPBuiltInRouteDescriptorRegistry.cs"	"61"	"official_candidate"	"create_prefab"	"com.unity.pipeline"	"pending_semantic_review"	"pending"	""	""	"Name/action match only; prove input, output, error, side-effect, transaction, lifecycle, and consumer parity."
"asset/delete"	"immediate"	"com.vm233.unity-mcp"	"3441d9e63486d51e3bdccf872cc1c5bcdd1ac23c"	"Editor/MCPBuiltInRouteDescriptorRegistry.cs"	"62"	"official_candidate"	"delete_asset"	"com.unity.pipeline"	"pending_semantic_review"	"pending"	""	""	"Name/action match only; prove input, output, error, side-effect, transaction, lifecycle, and consumer parity."
"asset/dependencies"	"immediate"	"com.vm233.unity-mcp"	"3441d9e63486d51e3bdccf872cc1c5bcdd1ac23c"	"Editor/MCPBuiltInRouteDescriptorRegistry.cs"	"63"	"custom_cli_review"	"vm_asset_dependencies"	"com.vm233.unity-pipeline"	"pending_contract_migration"	"pending"	""	""	"Create a typed Pipeline command that calls the production owner directly; do not call the MCP dispatcher."
"asset/export-unitypackage"	"immediate"	"com.vm233.unity-mcp"	"3441d9e63486d51e3bdccf872cc1c5bcdd1ac23c"	"Editor/MCPBuiltInRouteDescriptorRegistry.cs"	"64"	"custom_cli_review"	"vm_asset_export_unitypackage"	"com.vm233.unity-pipeline"	"pending_contract_migration"	"pending"	""	""	"Create a typed Pipeline command that calls the production owner directly; do not call the MCP dispatcher."
"asset/import"	"deferred"	"com.vm233.unity-mcp"	"3441d9e63486d51e3bdccf872cc1c5bcdd1ac23c"	"Editor/MCPBuiltInRouteDescriptorRegistry.cs"	"65"	"official_candidate"	"import_asset"	"com.unity.pipeline"	"pending_semantic_review"	"pending"	""	""	"Name/action match only; prove input, output, error, side-effect, transaction, lifecycle, and consumer parity."
"asset/import-settings/get"	"immediate"	"com.vm233.unity-mcp"	"3441d9e63486d51e3bdccf872cc1c5bcdd1ac23c"	"Editor/MCPBuiltInRouteDescriptorRegistry.cs"	"66"	"official_candidate"	"get_import_settings"	"com.unity.pipeline"	"pending_semantic_review"	"pending"	""	""	"Name/action match only; prove input, output, error, side-effect, transaction, lifecycle, and consumer parity."
"asset/import-settings/set"	"immediate"	"com.vm233.unity-mcp"	"3441d9e63486d51e3bdccf872cc1c5bcdd1ac23c"	"Editor/MCPBuiltInRouteDescriptorRegistry.cs"	"67"	"official_candidate"	"set_import_settings"	"com.unity.pipeline"	"pending_semantic_review"	"pending"	""	""	"Name/action match only; prove input, output, error, side-effect, transaction, lifecycle, and consumer parity."
"asset/import-unitypackage"	"immediate"	"com.vm233.unity-mcp"	"3441d9e63486d51e3bdccf872cc1c5bcdd1ac23c"	"Editor/MCPBuiltInRouteDescriptorRegistry.cs"	"68"	"custom_cli_review"	"vm_asset_import_unitypackage"	"com.vm233.unity-pipeline"	"pending_contract_migration"	"pending"	""	""	"Create a typed Pipeline command that calls the production owner directly; do not call the MCP dispatcher."
"asset/list"	"immediate"	"com.vm233.unity-mcp"	"3441d9e63486d51e3bdccf872cc1c5bcdd1ac23c"	"Editor/MCPBuiltInRouteDescriptorRegistry.cs"	"69"	"official_candidate"	"find_assets"	"com.unity.pipeline"	"pending_semantic_review"	"pending"	""	""	"Name/action match only; prove input, output, error, side-effect, transaction, lifecycle, and consumer parity."
"asset/move"	"deferred"	"com.vm233.unity-mcp"	"3441d9e63486d51e3bdccf872cc1c5bcdd1ac23c"	"Editor/MCPBuiltInRouteDescriptorRegistry.cs"	"70"	"official_candidate"	"move_asset"	"com.unity.pipeline"	"pending_semantic_review"	"pending"	""	""	"Name/action match only; prove input, output, error, side-effect, transaction, lifecycle, and consumer parity."
"asset/refresh"	"immediate"	"com.vm233.unity-mcp"	"3441d9e63486d51e3bdccf872cc1c5bcdd1ac23c"	"Editor/MCPBuiltInRouteDescriptorRegistry.cs"	"71"	"custom_cli_review"	"vm_asset_refresh"	"com.vm233.unity-pipeline"	"pending_contract_migration"	"pending"	""	""	"Create a typed Pipeline command that calls the production owner directly; do not call the MCP dispatcher."
"asset/rename"	"immediate"	"com.vm233.unity-mcp"	"3441d9e63486d51e3bdccf872cc1c5bcdd1ac23c"	"Editor/MCPBuiltInRouteDescriptorRegistry.cs"	"72"	"official_candidate"	"rename_asset"	"com.unity.pipeline"	"pending_semantic_review"	"pending"	""	""	"Name/action match only; prove input, output, error, side-effect, transaction, lifecycle, and consumer parity."
"asset/transaction"	"immediate"	"com.vm233.unity-mcp"	"3441d9e63486d51e3bdccf872cc1c5bcdd1ac23c"	"Editor/MCPBuiltInRouteDescriptorRegistry.cs"	"73"	"custom_cli_review"	"vm_asset_transaction"	"com.vm233.unity-pipeline"	"pending_contract_migration"	"pending"	""	""	"Create a typed Pipeline command that calls the production owner directly; do not call the MCP dispatcher."
"audio-mixer/info"	"immediate"	"com.vm233.unity-mcp"	"3441d9e63486d51e3bdccf872cc1c5bcdd1ac23c"	"Editor/MCPBuiltInRouteDescriptorRegistry.cs"	"74"	"custom_cli_review"	"vm_audio_mixer_info"	"com.vm233.unity-pipeline"	"pending_contract_migration"	"pending"	""	""	"Create a typed Pipeline command that calls the production owner directly; do not call the MCP dispatcher."
"audio-mixer/transaction"	"immediate"	"com.vm233.unity-mcp"	"3441d9e63486d51e3bdccf872cc1c5bcdd1ac23c"	"Editor/MCPBuiltInRouteDescriptorRegistry.cs"	"75"	"custom_cli_review"	"vm_audio_mixer_transaction"	"com.vm233.unity-pipeline"	"pending_contract_migration"	"pending"	""	""	"Create a typed Pipeline command that calls the production owner directly; do not call the MCP dispatcher."
"audio/create-source"	"immediate"	"com.vm233.unity-mcp"	"3441d9e63486d51e3bdccf872cc1c5bcdd1ac23c"	"Editor/MCPBuiltInRouteDescriptorRegistry.cs"	"76"	"custom_cli_review"	"vm_audio_create_source"	"com.vm233.unity-pipeline"	"pending_contract_migration"	"pending"	""	""	"Create a typed Pipeline command that calls the production owner directly; do not call the MCP dispatcher."
"audio/info"	"immediate"	"com.vm233.unity-mcp"	"3441d9e63486d51e3bdccf872cc1c5bcdd1ac23c"	"Editor/MCPBuiltInRouteDescriptorRegistry.cs"	"77"	"custom_cli_review"	"vm_audio_info"	"com.vm233.unity-pipeline"	"pending_contract_migration"	"pending"	""	""	"Create a typed Pipeline command that calls the production owner directly; do not call the MCP dispatcher."
"audio/set-global"	"immediate"	"com.vm233.unity-mcp"	"3441d9e63486d51e3bdccf872cc1c5bcdd1ac23c"	"Editor/MCPBuiltInRouteDescriptorRegistry.cs"	"78"	"custom_cli_review"	"vm_audio_set_global"	"com.vm233.unity-pipeline"	"pending_contract_migration"	"pending"	""	""	"Create a typed Pipeline command that calls the production owner directly; do not call the MCP dispatcher."
"build/get-job"	"immediate"	"com.vm233.unity-mcp"	"3441d9e63486d51e3bdccf872cc1c5bcdd1ac23c"	"Editor/MCPBuiltInRouteDescriptorRegistry.cs"	"79"	"official_candidate"	"build_status"	"com.unity.pipeline"	"pending_semantic_review"	"pending"	""	""	"Name/action match only; prove input, output, error, side-effect, transaction, lifecycle, and consumer parity."
"build/profile"	"immediate"	"com.vm233.unity-mcp"	"3441d9e63486d51e3bdccf872cc1c5bcdd1ac23c"	"Editor/MCPBuiltInRouteDescriptorRegistry.cs"	"80"	"merge_candidate"	"get_build_settings|list_build_profiles|set_build_settings"	"official_and_or_vm_pipeline"	"pending_semantic_review"	"pending"	""	""	"Prove combined input, output, error, effect, lifecycle, and consumer equivalence before retiring the route."
"build/start"	"immediate"	"com.vm233.unity-mcp"	"3441d9e63486d51e3bdccf872cc1c5bcdd1ac23c"	"Editor/MCPBuiltInRouteDescriptorRegistry.cs"	"81"	"official_candidate"	"build"	"com.unity.pipeline"	"pending_semantic_review"	"pending"	""	""	"Name/action match only; prove input, output, error, side-effect, transaction, lifecycle, and consumer parity."
"cinemachine/info"	"immediate"	"com.vm233.unity-mcp"	"3441d9e63486d51e3bdccf872cc1c5bcdd1ac23c"	"Editor/MCPBuiltInRouteDescriptorRegistry.cs"	"82"	"custom_cli_review"	"vm_cinemachine_info"	"com.vm233.unity-pipeline"	"pending_contract_migration"	"pending"	""	""	"Create a typed Pipeline command that calls the production owner directly; do not call the MCP dispatcher."
"cinemachine/transaction"	"immediate"	"com.vm233.unity-mcp"	"3441d9e63486d51e3bdccf872cc1c5bcdd1ac23c"	"Editor/MCPBuiltInRouteDescriptorRegistry.cs"	"83"	"custom_cli_review"	"vm_cinemachine_transaction"	"com.vm233.unity-pipeline"	"pending_contract_migration"	"pending"	""	""	"Create a typed Pipeline command that calls the production owner directly; do not call the MCP dispatcher."
"compilation/errors"	"immediate"	"com.vm233.unity-mcp"	"3441d9e63486d51e3bdccf872cc1c5bcdd1ac23c"	"Editor/MCPBuiltInRouteDescriptorRegistry.cs"	"84"	"official_candidate"	"get_console_logs"	"com.unity.pipeline"	"pending_semantic_review"	"pending"	""	""	"Name/action match only; prove input, output, error, side-effect, transaction, lifecycle, and consumer parity."
"component/add"	"immediate"	"com.vm233.unity-mcp"	"3441d9e63486d51e3bdccf872cc1c5bcdd1ac23c"	"Editor/MCPBuiltInRouteDescriptorRegistry.cs"	"85"	"official_candidate"	"add_component"	"com.unity.pipeline"	"pending_semantic_review"	"pending"	""	""	"Name/action match only; prove input, output, error, side-effect, transaction, lifecycle, and consumer parity."
"component/get-properties"	"immediate"	"com.vm233.unity-mcp"	"3441d9e63486d51e3bdccf872cc1c5bcdd1ac23c"	"Editor/MCPBuiltInRouteDescriptorRegistry.cs"	"86"	"official_candidate"	"get_component_properties"	"com.unity.pipeline"	"pending_semantic_review"	"pending"	""	""	"Name/action match only; prove input, output, error, side-effect, transaction, lifecycle, and consumer parity."
"component/get-referenceable"	"immediate"	"com.vm233.unity-mcp"	"3441d9e63486d51e3bdccf872cc1c5bcdd1ac23c"	"Editor/MCPBuiltInRouteDescriptorRegistry.cs"	"87"	"custom_cli_review"	"vm_component_get_referenceable"	"com.vm233.unity-pipeline"	"pending_contract_migration"	"pending"	""	""	"Create a typed Pipeline command that calls the production owner directly; do not call the MCP dispatcher."
"component/remove"	"immediate"	"com.vm233.unity-mcp"	"3441d9e63486d51e3bdccf872cc1c5bcdd1ac23c"	"Editor/MCPBuiltInRouteDescriptorRegistry.cs"	"88"	"official_candidate"	"remove_component"	"com.unity.pipeline"	"pending_semantic_review"	"pending"	""	""	"Name/action match only; prove input, output, error, side-effect, transaction, lifecycle, and consumer parity."
"component/set-property"	"immediate"	"com.vm233.unity-mcp"	"3441d9e63486d51e3bdccf872cc1c5bcdd1ac23c"	"Editor/MCPBuiltInRouteDescriptorRegistry.cs"	"89"	"official_candidate"	"set_component_properties"	"com.unity.pipeline"	"pending_semantic_review"	"pending"	""	""	"Name/action match only; prove input, output, error, side-effect, transaction, lifecycle, and consumer parity."
"component/set-reference"	"deferred"	"com.vm233.unity-mcp"	"3441d9e63486d51e3bdccf872cc1c5bcdd1ac23c"	"Editor/MCPBuiltInRouteDescriptorRegistry.cs"	"90"	"official_candidate"	"set_component_properties"	"com.unity.pipeline"	"pending_semantic_review"	"pending"	""	""	"Name/action match only; prove input, output, error, side-effect, transaction, lifecycle, and consumer parity."
"console/clear"	"immediate"	"com.vm233.unity-mcp"	"3441d9e63486d51e3bdccf872cc1c5bcdd1ac23c"	"Editor/MCPBuiltInRouteDescriptorRegistry.cs"	"91"	"official_candidate"	"clear_console"	"com.unity.pipeline"	"pending_semantic_review"	"pending"	""	""	"Name/action match only; prove input, output, error, side-effect, transaction, lifecycle, and consumer parity."
"console/query"	"immediate"	"com.vm233.unity-mcp"	"3441d9e63486d51e3bdccf872cc1c5bcdd1ac23c"	"Editor/MCPBuiltInRouteDescriptorRegistry.cs"	"92"	"official_candidate"	"console"	"com.unity.pipeline"	"pending_semantic_review"	"pending"	""	""	"Name/action match only; prove input, output, error, side-effect, transaction, lifecycle, and consumer parity."
"constraint/add"	"immediate"	"com.vm233.unity-mcp"	"3441d9e63486d51e3bdccf872cc1c5bcdd1ac23c"	"Editor/MCPBuiltInRouteDescriptorRegistry.cs"	"93"	"custom_cli_review"	"vm_constraint_add"	"com.vm233.unity-pipeline"	"pending_contract_migration"	"pending"	""	""	"Create a typed Pipeline command that calls the production owner directly; do not call the MCP dispatcher."
"constraint/info"	"immediate"	"com.vm233.unity-mcp"	"3441d9e63486d51e3bdccf872cc1c5bcdd1ac23c"	"Editor/MCPBuiltInRouteDescriptorRegistry.cs"	"94"	"custom_cli_review"	"vm_constraint_info"	"com.vm233.unity-pipeline"	"pending_contract_migration"	"pending"	""	""	"Create a typed Pipeline command that calls the production owner directly; do not call the MCP dispatcher."
"debug/attach-unity"	"immediate"	"com.vm233.unity-mcp"	"3441d9e63486d51e3bdccf872cc1c5bcdd1ac23c"	"Editor/MCPBuiltInRouteDescriptorRegistry.cs"	"95"	"custom_cli_review"	"vm_debug_attach_unity"	"com.vm233.unity-pipeline"	"pending_contract_migration"	"pending"	""	""	"Create a typed Pipeline command that calls the production owner directly; do not call the MCP dispatcher."
"debug/evaluate"	"immediate"	"com.vm233.unity-mcp"	"3441d9e63486d51e3bdccf872cc1c5bcdd1ac23c"	"Editor/MCPBuiltInRouteDescriptorRegistry.cs"	"96"	"custom_cli_review"	"vm_debug_evaluate"	"com.vm233.unity-pipeline"	"pending_contract_migration"	"pending"	""	""	"Create a typed Pipeline command that calls the production owner directly; do not call the MCP dispatcher."
"debug/set-breakpoint"	"immediate"	"com.vm233.unity-mcp"	"3441d9e63486d51e3bdccf872cc1c5bcdd1ac23c"	"Editor/MCPBuiltInRouteDescriptorRegistry.cs"	"97"	"custom_cli_review"	"vm_debug_set_breakpoint"	"com.vm233.unity-pipeline"	"pending_contract_migration"	"pending"	""	""	"Create a typed Pipeline command that calls the production owner directly; do not call the MCP dispatcher."
"debug/stack-trace"	"immediate"	"com.vm233.unity-mcp"	"3441d9e63486d51e3bdccf872cc1c5bcdd1ac23c"	"Editor/MCPBuiltInRouteDescriptorRegistry.cs"	"98"	"custom_cli_review"	"vm_debug_stack_trace"	"com.vm233.unity-pipeline"	"pending_contract_migration"	"pending"	""	""	"Create a typed Pipeline command that calls the production owner directly; do not call the MCP dispatcher."
"debug/variables"	"immediate"	"com.vm233.unity-mcp"	"3441d9e63486d51e3bdccf872cc1c5bcdd1ac23c"	"Editor/MCPBuiltInRouteDescriptorRegistry.cs"	"99"	"custom_cli_review"	"vm_debug_variables"	"com.vm233.unity-pipeline"	"pending_contract_migration"	"pending"	""	""	"Create a typed Pipeline command that calls the production owner directly; do not call the MCP dispatcher."
"debugger/enable"	"immediate"	"com.vm233.unity-mcp"	"3441d9e63486d51e3bdccf872cc1c5bcdd1ac23c"	"Editor/MCPBuiltInRouteDescriptorRegistry.cs"	"100"	"custom_cli_review"	"vm_debugger_enable"	"com.vm233.unity-pipeline"	"pending_contract_migration"	"pending"	""	""	"Create a typed Pipeline command that calls the production owner directly; do not call the MCP dispatcher."
"debugger/event-details"	"immediate"	"com.vm233.unity-mcp"	"3441d9e63486d51e3bdccf872cc1c5bcdd1ac23c"	"Editor/MCPBuiltInRouteDescriptorRegistry.cs"	"101"	"custom_cli_review"	"vm_debugger_event_details"	"com.vm233.unity-pipeline"	"pending_contract_migration"	"pending"	""	""	"Create a typed Pipeline command that calls the production owner directly; do not call the MCP dispatcher."
"debugger/events"	"immediate"	"com.vm233.unity-mcp"	"3441d9e63486d51e3bdccf872cc1c5bcdd1ac23c"	"Editor/MCPBuiltInRouteDescriptorRegistry.cs"	"102"	"custom_cli_review"	"vm_debugger_events"	"com.vm233.unity-pipeline"	"pending_contract_migration"	"pending"	""	""	"Create a typed Pipeline command that calls the production owner directly; do not call the MCP dispatcher."
"editor/execute-code"	"immediate"	"com.vm233.unity-mcp"	"3441d9e63486d51e3bdccf872cc1c5bcdd1ac23c"	"Editor/MCPBuiltInRouteDescriptorRegistry.cs"	"103"	"official_candidate"	"eval"	"com.unity.pipeline"	"pending_semantic_review"	"pending"	""	""	"Name/action match only; prove input, output, error, side-effect, transaction, lifecycle, and consumer parity."
"editor/execute-menu-item"	"immediate"	"com.vm233.unity-mcp"	"3441d9e63486d51e3bdccf872cc1c5bcdd1ac23c"	"Editor/MCPBuiltInRouteDescriptorRegistry.cs"	"104"	"official_candidate"	"menu"	"com.unity.pipeline"	"pending_semantic_review"	"pending"	""	""	"Name/action match only; prove input, output, error, side-effect, transaction, lifecycle, and consumer parity."
"editor/play-mode"	"deferred"	"com.vm233.unity-mcp"	"3441d9e63486d51e3bdccf872cc1c5bcdd1ac23c"	"Editor/MCPBuiltInRouteDescriptorRegistry.cs"	"105"	"merge_candidate"	"editor_play|editor_pause|editor_stop"	"official_and_or_vm_pipeline"	"pending_semantic_review"	"pending"	""	""	"Prove combined input, output, error, effect, lifecycle, and consumer equivalence before retiring the route."
"editor/state"	"immediate"	"com.vm233.unity-mcp"	"3441d9e63486d51e3bdccf872cc1c5bcdd1ac23c"	"Editor/MCPBuiltInRouteDescriptorRegistry.cs"	"106"	"merge_candidate"	"editor_status|vm_editor_state"	"official_and_or_vm_pipeline"	"pending_semantic_review"	"pending"	""	""	"Prove combined input, output, error, effect, lifecycle, and consumer equivalence before retiring the route."
"editorprefs/delete"	"immediate"	"com.vm233.unity-mcp"	"3441d9e63486d51e3bdccf872cc1c5bcdd1ac23c"	"Editor/MCPBuiltInRouteDescriptorRegistry.cs"	"107"	"custom_cli_review"	"vm_editorprefs_delete"	"com.vm233.unity-pipeline"	"pending_contract_migration"	"pending"	""	""	"Create a typed Pipeline command that calls the production owner directly; do not call the MCP dispatcher."
"editorprefs/get"	"immediate"	"com.vm233.unity-mcp"	"3441d9e63486d51e3bdccf872cc1c5bcdd1ac23c"	"Editor/MCPBuiltInRouteDescriptorRegistry.cs"	"108"	"custom_cli_review"	"vm_editorprefs_get"	"com.vm233.unity-pipeline"	"pending_contract_migration"	"pending"	""	""	"Create a typed Pipeline command that calls the production owner directly; do not call the MCP dispatcher."
"editorprefs/set"	"immediate"	"com.vm233.unity-mcp"	"3441d9e63486d51e3bdccf872cc1c5bcdd1ac23c"	"Editor/MCPBuiltInRouteDescriptorRegistry.cs"	"109"	"custom_cli_review"	"vm_editorprefs_set"	"com.vm233.unity-pipeline"	"pending_contract_migration"	"pending"	""	""	"Create a typed Pipeline command that calls the production owner directly; do not call the MCP dispatcher."
"gameobject/create"	"immediate"	"com.vm233.unity-mcp"	"3441d9e63486d51e3bdccf872cc1c5bcdd1ac23c"	"Editor/MCPBuiltInRouteDescriptorRegistry.cs"	"110"	"official_candidate"	"create_gameobject"	"com.unity.pipeline"	"pending_semantic_review"	"pending"	""	""	"Name/action match only; prove input, output, error, side-effect, transaction, lifecycle, and consumer parity."
"gameobject/delete"	"immediate"	"com.vm233.unity-mcp"	"3441d9e63486d51e3bdccf872cc1c5bcdd1ac23c"	"Editor/MCPBuiltInRouteDescriptorRegistry.cs"	"111"	"official_candidate"	"delete_gameobject"	"com.unity.pipeline"	"pending_semantic_review"	"pending"	""	""	"Name/action match only; prove input, output, error, side-effect, transaction, lifecycle, and consumer parity."
"gameobject/duplicate"	"immediate"	"com.vm233.unity-mcp"	"3441d9e63486d51e3bdccf872cc1c5bcdd1ac23c"	"Editor/MCPBuiltInRouteDescriptorRegistry.cs"	"112"	"custom_cli_review"	"vm_gameobject_duplicate"	"com.vm233.unity-pipeline"	"pending_contract_migration"	"pending"	""	""	"Create a typed Pipeline command that calls the production owner directly; do not call the MCP dispatcher."
"gameobject/info"	"immediate"	"com.vm233.unity-mcp"	"3441d9e63486d51e3bdccf872cc1c5bcdd1ac23c"	"Editor/MCPBuiltInRouteDescriptorRegistry.cs"	"113"	"official_candidate"	"find_gameobjects"	"com.unity.pipeline"	"pending_semantic_review"	"pending"	""	""	"Name/action match only; prove input, output, error, side-effect, transaction, lifecycle, and consumer parity."
"gameobject/reparent"	"immediate"	"com.vm233.unity-mcp"	"3441d9e63486d51e3bdccf872cc1c5bcdd1ac23c"	"Editor/MCPBuiltInRouteDescriptorRegistry.cs"	"114"	"official_candidate"	"set_parent"	"com.unity.pipeline"	"pending_semantic_review"	"pending"	""	""	"Name/action match only; prove input, output, error, side-effect, transaction, lifecycle, and consumer parity."
"gameobject/set-active"	"immediate"	"com.vm233.unity-mcp"	"3441d9e63486d51e3bdccf872cc1c5bcdd1ac23c"	"Editor/MCPBuiltInRouteDescriptorRegistry.cs"	"115"	"official_candidate"	"set_active"	"com.unity.pipeline"	"pending_semantic_review"	"pending"	""	""	"Name/action match only; prove input, output, error, side-effect, transaction, lifecycle, and consumer parity."
"gameobject/set-transform"	"immediate"	"com.vm233.unity-mcp"	"3441d9e63486d51e3bdccf872cc1c5bcdd1ac23c"	"Editor/MCPBuiltInRouteDescriptorRegistry.cs"	"116"	"official_candidate"	"set_transform"	"com.unity.pipeline"	"pending_semantic_review"	"pending"	""	""	"Name/action match only; prove input, output, error, side-effect, transaction, lifecycle, and consumer parity."
"gameview/info"	"immediate"	"com.vm233.unity-mcp"	"3441d9e63486d51e3bdccf872cc1c5bcdd1ac23c"	"Editor/MCPBuiltInRouteDescriptorRegistry.cs"	"117"	"custom_cli_review"	"vm_gameview_info"	"com.vm233.unity-pipeline"	"pending_contract_migration"	"pending"	""	""	"Create a typed Pipeline command that calls the production owner directly; do not call the MCP dispatcher."
"gameview/set-resolution"	"immediate"	"com.vm233.unity-mcp"	"3441d9e63486d51e3bdccf872cc1c5bcdd1ac23c"	"Editor/MCPBuiltInRouteDescriptorRegistry.cs"	"118"	"custom_cli_review"	"vm_gameview_set_resolution"	"com.vm233.unity-pipeline"	"pending_contract_migration"	"pending"	""	""	"Create a typed Pipeline command that calls the production owner directly; do not call the MCP dispatcher."
"gameview/set-scale"	"immediate"	"com.vm233.unity-mcp"	"3441d9e63486d51e3bdccf872cc1c5bcdd1ac23c"	"Editor/MCPBuiltInRouteDescriptorRegistry.cs"	"119"	"custom_cli_review"	"vm_gameview_set_scale"	"com.vm233.unity-pipeline"	"pending_contract_migration"	"pending"	""	""	"Create a typed Pipeline command that calls the production owner directly; do not call the MCP dispatcher."
"graphics/annotate-rects"	"immediate"	"com.vm233.unity-mcp"	"3441d9e63486d51e3bdccf872cc1c5bcdd1ac23c"	"Editor/MCPBuiltInRouteDescriptorRegistry.cs"	"120"	"custom_cli_review"	"vm_graphics_annotate_rects"	"com.vm233.unity-pipeline"	"pending_contract_migration"	"pending"	""	""	"Create a typed Pipeline command that calls the production owner directly; do not call the MCP dispatcher."
"graphics/asset-preview"	"immediate"	"com.vm233.unity-mcp"	"3441d9e63486d51e3bdccf872cc1c5bcdd1ac23c"	"Editor/MCPBuiltInRouteDescriptorRegistry.cs"	"121"	"custom_cli_review"	"vm_graphics_asset_preview"	"com.vm233.unity-pipeline"	"pending_contract_migration"	"pending"	""	""	"Create a typed Pipeline command that calls the production owner directly; do not call the MCP dispatcher."
"graphics/compare-images"	"immediate"	"com.vm233.unity-mcp"	"3441d9e63486d51e3bdccf872cc1c5bcdd1ac23c"	"Editor/MCPBuiltInRouteDescriptorRegistry.cs"	"122"	"custom_cli_review"	"vm_graphics_compare_images"	"com.vm233.unity-pipeline"	"pending_contract_migration"	"pending"	""	""	"Create a typed Pipeline command that calls the production owner directly; do not call the MCP dispatcher."
"graphics/image-alpha-bounds"	"immediate"	"com.vm233.unity-mcp"	"3441d9e63486d51e3bdccf872cc1c5bcdd1ac23c"	"Editor/MCPBuiltInRouteDescriptorRegistry.cs"	"123"	"custom_cli_review"	"vm_graphics_image_alpha_bounds"	"com.vm233.unity-pipeline"	"pending_contract_migration"	"pending"	""	""	"Create a typed Pipeline command that calls the production owner directly; do not call the MCP dispatcher."
"graphics/lighting-summary"	"immediate"	"com.vm233.unity-mcp"	"3441d9e63486d51e3bdccf872cc1c5bcdd1ac23c"	"Editor/MCPBuiltInRouteDescriptorRegistry.cs"	"124"	"custom_cli_review"	"vm_graphics_lighting_summary"	"com.vm233.unity-pipeline"	"pending_contract_migration"	"pending"	""	""	"Create a typed Pipeline command that calls the production owner directly; do not call the MCP dispatcher."
"graphics/material-info"	"immediate"	"com.vm233.unity-mcp"	"3441d9e63486d51e3bdccf872cc1c5bcdd1ac23c"	"Editor/MCPBuiltInRouteDescriptorRegistry.cs"	"125"	"custom_cli_review"	"vm_graphics_material_info"	"com.vm233.unity-pipeline"	"pending_contract_migration"	"pending"	""	""	"Create a typed Pipeline command that calls the production owner directly; do not call the MCP dispatcher."
"graphics/mesh-info"	"immediate"	"com.vm233.unity-mcp"	"3441d9e63486d51e3bdccf872cc1c5bcdd1ac23c"	"Editor/MCPBuiltInRouteDescriptorRegistry.cs"	"126"	"custom_cli_review"	"vm_graphics_mesh_info"	"com.vm233.unity-pipeline"	"pending_contract_migration"	"pending"	""	""	"Create a typed Pipeline command that calls the production owner directly; do not call the MCP dispatcher."
"graphics/rect-gap"	"immediate"	"com.vm233.unity-mcp"	"3441d9e63486d51e3bdccf872cc1c5bcdd1ac23c"	"Editor/MCPBuiltInRouteDescriptorRegistry.cs"	"127"	"custom_cli_review"	"vm_graphics_rect_gap"	"com.vm233.unity-pipeline"	"pending_contract_migration"	"pending"	""	""	"Create a typed Pipeline command that calls the production owner directly; do not call the MCP dispatcher."
"graphics/renderer-info"	"immediate"	"com.vm233.unity-mcp"	"3441d9e63486d51e3bdccf872cc1c5bcdd1ac23c"	"Editor/MCPBuiltInRouteDescriptorRegistry.cs"	"128"	"custom_cli_review"	"vm_graphics_renderer_info"	"com.vm233.unity-pipeline"	"pending_contract_migration"	"pending"	""	""	"Create a typed Pipeline command that calls the production owner directly; do not call the MCP dispatcher."
"input/add-action"	"immediate"	"com.vm233.unity-mcp"	"3441d9e63486d51e3bdccf872cc1c5bcdd1ac23c"	"Editor/MCPBuiltInRouteDescriptorRegistry.cs"	"129"	"custom_cli_review"	"vm_input_add_action"	"com.vm233.unity-pipeline"	"pending_contract_migration"	"pending"	""	""	"Create a typed Pipeline command that calls the production owner directly; do not call the MCP dispatcher."
"input/add-binding"	"immediate"	"com.vm233.unity-mcp"	"3441d9e63486d51e3bdccf872cc1c5bcdd1ac23c"	"Editor/MCPBuiltInRouteDescriptorRegistry.cs"	"130"	"custom_cli_review"	"vm_input_add_binding"	"com.vm233.unity-pipeline"	"pending_contract_migration"	"pending"	""	""	"Create a typed Pipeline command that calls the production owner directly; do not call the MCP dispatcher."
"input/add-composite-binding"	"immediate"	"com.vm233.unity-mcp"	"3441d9e63486d51e3bdccf872cc1c5bcdd1ac23c"	"Editor/MCPBuiltInRouteDescriptorRegistry.cs"	"131"	"custom_cli_review"	"vm_input_add_composite_binding"	"com.vm233.unity-pipeline"	"pending_contract_migration"	"pending"	""	""	"Create a typed Pipeline command that calls the production owner directly; do not call the MCP dispatcher."
"input/add-map"	"immediate"	"com.vm233.unity-mcp"	"3441d9e63486d51e3bdccf872cc1c5bcdd1ac23c"	"Editor/MCPBuiltInRouteDescriptorRegistry.cs"	"132"	"custom_cli_review"	"vm_input_add_map"	"com.vm233.unity-pipeline"	"pending_contract_migration"	"pending"	""	""	"Create a typed Pipeline command that calls the production owner directly; do not call the MCP dispatcher."
"input/create"	"immediate"	"com.vm233.unity-mcp"	"3441d9e63486d51e3bdccf872cc1c5bcdd1ac23c"	"Editor/MCPBuiltInRouteDescriptorRegistry.cs"	"133"	"custom_cli_review"	"vm_input_create"	"com.vm233.unity-pipeline"	"pending_contract_migration"	"pending"	""	""	"Create a typed Pipeline command that calls the production owner directly; do not call the MCP dispatcher."
"input/info"	"immediate"	"com.vm233.unity-mcp"	"3441d9e63486d51e3bdccf872cc1c5bcdd1ac23c"	"Editor/MCPBuiltInRouteDescriptorRegistry.cs"	"134"	"custom_cli_review"	"vm_input_info"	"com.vm233.unity-pipeline"	"pending_contract_migration"	"pending"	""	""	"Create a typed Pipeline command that calls the production owner directly; do not call the MCP dispatcher."
"input/remove-action"	"immediate"	"com.vm233.unity-mcp"	"3441d9e63486d51e3bdccf872cc1c5bcdd1ac23c"	"Editor/MCPBuiltInRouteDescriptorRegistry.cs"	"135"	"custom_cli_review"	"vm_input_remove_action"	"com.vm233.unity-pipeline"	"pending_contract_migration"	"pending"	""	""	"Create a typed Pipeline command that calls the production owner directly; do not call the MCP dispatcher."
"input/remove-map"	"immediate"	"com.vm233.unity-mcp"	"3441d9e63486d51e3bdccf872cc1c5bcdd1ac23c"	"Editor/MCPBuiltInRouteDescriptorRegistry.cs"	"136"	"custom_cli_review"	"vm_input_remove_map"	"com.vm233.unity-pipeline"	"pending_contract_migration"	"pending"	""	""	"Create a typed Pipeline command that calls the production owner directly; do not call the MCP dispatcher."
"instance/assert-project"	"immediate"	"com.vm233.unity-mcp"	"3441d9e63486d51e3bdccf872cc1c5bcdd1ac23c"	"Editor/MCPBuiltInRouteDescriptorRegistry.cs"	"137"	"merge_candidate"	"unity command --project-path|vm_editor_state"	"official_and_or_vm_pipeline"	"pending_semantic_review"	"pending"	""	""	"Prove combined input, output, error, effect, lifecycle, and consumer equivalence before retiring the route."
"instance/current"	"immediate"	"com.vm233.unity-mcp"	"3441d9e63486d51e3bdccf872cc1c5bcdd1ac23c"	"Editor/MCPBuiltInRouteDescriptorRegistry.cs"	"138"	"merge_candidate"	"unity status|vm_editor_state"	"official_and_or_vm_pipeline"	"pending_semantic_review"	"pending"	""	""	"Prove combined input, output, error, effect, lifecycle, and consumer equivalence before retiring the route."
"instance/list"	"immediate"	"com.vm233.unity-mcp"	"3441d9e63486d51e3bdccf872cc1c5bcdd1ac23c"	"Editor/MCPBuiltInRouteDescriptorRegistry.cs"	"139"	"merge_candidate"	"unity status"	"official_and_or_vm_pipeline"	"pending_semantic_review"	"pending"	""	""	"Prove combined input, output, error, effect, lifecycle, and consumer equivalence before retiring the route."
"instance/resolve"	"immediate"	"com.vm233.unity-mcp"	"3441d9e63486d51e3bdccf872cc1c5bcdd1ac23c"	"Editor/MCPBuiltInRouteDescriptorRegistry.cs"	"140"	"merge_candidate"	"unity command --project-path"	"official_and_or_vm_pipeline"	"pending_semantic_review"	"pending"	""	""	"Prove combined input, output, error, effect, lifecycle, and consumer equivalence before retiring the route."
"jobs/cancel"	"immediate"	"com.vm233.unity-mcp"	"3441d9e63486d51e3bdccf872cc1c5bcdd1ac23c"	"Editor/MCPBuiltInRouteDescriptorRegistry.cs"	"141"	"custom_cli_review"	"vm_jobs_cancel"	"com.vm233.unity-pipeline"	"pending_contract_migration"	"pending"	""	""	"Create a typed Pipeline command that calls the production owner directly; do not call the MCP dispatcher."
"jobs/cleanup"	"immediate"	"com.vm233.unity-mcp"	"3441d9e63486d51e3bdccf872cc1c5bcdd1ac23c"	"Editor/MCPBuiltInRouteDescriptorRegistry.cs"	"142"	"custom_cli_review"	"vm_jobs_cleanup"	"com.vm233.unity-pipeline"	"pending_contract_migration"	"pending"	""	""	"Create a typed Pipeline command that calls the production owner directly; do not call the MCP dispatcher."
"jobs/get"	"immediate"	"com.vm233.unity-mcp"	"3441d9e63486d51e3bdccf872cc1c5bcdd1ac23c"	"Editor/MCPBuiltInRouteDescriptorRegistry.cs"	"143"	"custom_cli_review"	"vm_jobs_get"	"com.vm233.unity-pipeline"	"pending_contract_migration"	"pending"	""	""	"Create a typed Pipeline command that calls the production owner directly; do not call the MCP dispatcher."
"jobs/list"	"immediate"	"com.vm233.unity-mcp"	"3441d9e63486d51e3bdccf872cc1c5bcdd1ac23c"	"Editor/MCPBuiltInRouteDescriptorRegistry.cs"	"144"	"custom_cli_review"	"vm_jobs_list"	"com.vm233.unity-pipeline"	"pending_contract_migration"	"pending"	""	""	"Create a typed Pipeline command that calls the production owner directly; do not call the MCP dispatcher."
"lighting/create"	"immediate"	"com.vm233.unity-mcp"	"3441d9e63486d51e3bdccf872cc1c5bcdd1ac23c"	"Editor/MCPBuiltInRouteDescriptorRegistry.cs"	"145"	"custom_cli_review"	"vm_lighting_create"	"com.vm233.unity-pipeline"	"pending_contract_migration"	"pending"	""	""	"Create a typed Pipeline command that calls the production owner directly; do not call the MCP dispatcher."
"lighting/create-light-probe-group"	"immediate"	"com.vm233.unity-mcp"	"3441d9e63486d51e3bdccf872cc1c5bcdd1ac23c"	"Editor/MCPBuiltInRouteDescriptorRegistry.cs"	"146"	"custom_cli_review"	"vm_lighting_create_light_probe_group"	"com.vm233.unity-pipeline"	"pending_contract_migration"	"pending"	""	""	"Create a typed Pipeline command that calls the production owner directly; do not call the MCP dispatcher."
"lighting/create-reflection-probe"	"immediate"	"com.vm233.unity-mcp"	"3441d9e63486d51e3bdccf872cc1c5bcdd1ac23c"	"Editor/MCPBuiltInRouteDescriptorRegistry.cs"	"147"	"custom_cli_review"	"vm_lighting_create_reflection_probe"	"com.vm233.unity-pipeline"	"pending_contract_migration"	"pending"	""	""	"Create a typed Pipeline command that calls the production owner directly; do not call the MCP dispatcher."
"lighting/info"	"immediate"	"com.vm233.unity-mcp"	"3441d9e63486d51e3bdccf872cc1c5bcdd1ac23c"	"Editor/MCPBuiltInRouteDescriptorRegistry.cs"	"148"	"custom_cli_review"	"vm_lighting_info"	"com.vm233.unity-pipeline"	"pending_contract_migration"	"pending"	""	""	"Create a typed Pipeline command that calls the production owner directly; do not call the MCP dispatcher."
"lighting/set-environment"	"immediate"	"com.vm233.unity-mcp"	"3441d9e63486d51e3bdccf872cc1c5bcdd1ac23c"	"Editor/MCPBuiltInRouteDescriptorRegistry.cs"	"149"	"custom_cli_review"	"vm_lighting_set_environment"	"com.vm233.unity-pipeline"	"pending_contract_migration"	"pending"	""	""	"Create a typed Pipeline command that calls the production owner directly; do not call the MCP dispatcher."
"localization/collections"	"immediate"	"com.vm233.unity-mcp"	"3441d9e63486d51e3bdccf872cc1c5bcdd1ac23c"	"Editor/Localization/MCPGeneratedLocalizationRouteProvider.cs"	"14"	"custom_cli_review"	"vm_localization_collections"	"com.vm233.unity-pipeline"	"pending_contract_migration"	"pending"	""	""	"Create a typed Pipeline command that calls the production owner directly; do not call the MCP dispatcher."
"localization/create-collection"	"immediate"	"com.vm233.unity-mcp"	"3441d9e63486d51e3bdccf872cc1c5bcdd1ac23c"	"Editor/Localization/MCPGeneratedLocalizationRouteProvider.cs"	"15"	"custom_cli_review"	"vm_localization_create_collection"	"com.vm233.unity-pipeline"	"pending_contract_migration"	"pending"	""	""	"Create a typed Pipeline command that calls the production owner directly; do not call the MCP dispatcher."
"localization/create-locale"	"immediate"	"com.vm233.unity-mcp"	"3441d9e63486d51e3bdccf872cc1c5bcdd1ac23c"	"Editor/Localization/MCPGeneratedLocalizationRouteProvider.cs"	"16"	"custom_cli_review"	"vm_localization_create_locale"	"com.vm233.unity-pipeline"	"pending_contract_migration"	"pending"	""	""	"Create a typed Pipeline command that calls the production owner directly; do not call the MCP dispatcher."
"localization/entries"	"immediate"	"com.vm233.unity-mcp"	"3441d9e63486d51e3bdccf872cc1c5bcdd1ac23c"	"Editor/Localization/MCPGeneratedLocalizationRouteProvider.cs"	"17"	"custom_cli_review"	"vm_localization_entries"	"com.vm233.unity-pipeline"	"pending_contract_migration"	"pending"	""	""	"Create a typed Pipeline command that calls the production owner directly; do not call the MCP dispatcher."
"localization/locales"	"immediate"	"com.vm233.unity-mcp"	"3441d9e63486d51e3bdccf872cc1c5bcdd1ac23c"	"Editor/Localization/MCPGeneratedLocalizationRouteProvider.cs"	"18"	"custom_cli_review"	"vm_localization_locales"	"com.vm233.unity-pipeline"	"pending_contract_migration"	"pending"	""	""	"Create a typed Pipeline command that calls the production owner directly; do not call the MCP dispatcher."
"localization/remove-entry"	"immediate"	"com.vm233.unity-mcp"	"3441d9e63486d51e3bdccf872cc1c5bcdd1ac23c"	"Editor/Localization/MCPGeneratedLocalizationRouteProvider.cs"	"19"	"custom_cli_review"	"vm_localization_remove_entry"	"com.vm233.unity-pipeline"	"pending_contract_migration"	"pending"	""	""	"Create a typed Pipeline command that calls the production owner directly; do not call the MCP dispatcher."
"localization/remove-variable"	"immediate"	"com.vm233.unity-mcp"	"3441d9e63486d51e3bdccf872cc1c5bcdd1ac23c"	"Editor/Localization/MCPGeneratedLocalizationRouteProvider.cs"	"20"	"custom_cli_review"	"vm_localization_remove_variable"	"com.vm233.unity-pipeline"	"pending_contract_migration"	"pending"	""	""	"Create a typed Pipeline command that calls the production owner directly; do not call the MCP dispatcher."
"localization/set-selected-locale"	"immediate"	"com.vm233.unity-mcp"	"3441d9e63486d51e3bdccf872cc1c5bcdd1ac23c"	"Editor/Localization/MCPGeneratedLocalizationRouteProvider.cs"	"21"	"custom_cli_review"	"vm_localization_set_selected_locale"	"com.vm233.unity-pipeline"	"pending_contract_migration"	"pending"	""	""	"Create a typed Pipeline command that calls the production owner directly; do not call the MCP dispatcher."
"localization/settings"	"immediate"	"com.vm233.unity-mcp"	"3441d9e63486d51e3bdccf872cc1c5bcdd1ac23c"	"Editor/Localization/MCPGeneratedLocalizationRouteProvider.cs"	"22"	"custom_cli_review"	"vm_localization_settings"	"com.vm233.unity-pipeline"	"pending_contract_migration"	"pending"	""	""	"Create a typed Pipeline command that calls the production owner directly; do not call the MCP dispatcher."
"localization/status"	"immediate"	"com.vm233.unity-mcp"	"3441d9e63486d51e3bdccf872cc1c5bcdd1ac23c"	"Editor/Localization/MCPGeneratedLocalizationRouteProvider.cs"	"23"	"custom_cli_review"	"vm_localization_status"	"com.vm233.unity-pipeline"	"pending_contract_migration"	"pending"	""	""	"Create a typed Pipeline command that calls the production owner directly; do not call the MCP dispatcher."
"localization/upsert-entry"	"deferred"	"com.vm233.unity-mcp"	"3441d9e63486d51e3bdccf872cc1c5bcdd1ac23c"	"Editor/Localization/MCPGeneratedLocalizationRouteProvider.cs"	"24"	"custom_cli_review"	"vm_localization_upsert_entry"	"com.vm233.unity-pipeline"	"pending_contract_migration"	"pending"	""	""	"Create a typed Pipeline command that calls the production owner directly; do not call the MCP dispatcher."
"localization/upsert-variable"	"immediate"	"com.vm233.unity-mcp"	"3441d9e63486d51e3bdccf872cc1c5bcdd1ac23c"	"Editor/Localization/MCPGeneratedLocalizationRouteProvider.cs"	"25"	"custom_cli_review"	"vm_localization_upsert_variable"	"com.vm233.unity-pipeline"	"pending_contract_migration"	"pending"	""	""	"Create a typed Pipeline command that calls the production owner directly; do not call the MCP dispatcher."
"localization/validate"	"immediate"	"com.vm233.unity-mcp"	"3441d9e63486d51e3bdccf872cc1c5bcdd1ac23c"	"Editor/Localization/MCPGeneratedLocalizationRouteProvider.cs"	"26"	"custom_cli_review"	"vm_localization_validate"	"com.vm233.unity-pipeline"	"pending_contract_migration"	"pending"	""	""	"Create a typed Pipeline command that calls the production owner directly; do not call the MCP dispatcher."
"localization/variables"	"immediate"	"com.vm233.unity-mcp"	"3441d9e63486d51e3bdccf872cc1c5bcdd1ac23c"	"Editor/Localization/MCPGeneratedLocalizationRouteProvider.cs"	"27"	"custom_cli_review"	"vm_localization_variables"	"com.vm233.unity-pipeline"	"pending_contract_migration"	"pending"	""	""	"Create a typed Pipeline command that calls the production owner directly; do not call the MCP dispatcher."
"lod/create"	"immediate"	"com.vm233.unity-mcp"	"3441d9e63486d51e3bdccf872cc1c5bcdd1ac23c"	"Editor/MCPBuiltInRouteDescriptorRegistry.cs"	"150"	"custom_cli_review"	"vm_lod_create"	"com.vm233.unity-pipeline"	"pending_contract_migration"	"pending"	""	""	"Create a typed Pipeline command that calls the production owner directly; do not call the MCP dispatcher."
"lod/info"	"immediate"	"com.vm233.unity-mcp"	"3441d9e63486d51e3bdccf872cc1c5bcdd1ac23c"	"Editor/MCPBuiltInRouteDescriptorRegistry.cs"	"151"	"custom_cli_review"	"vm_lod_info"	"com.vm233.unity-pipeline"	"pending_contract_migration"	"pending"	""	""	"Create a typed Pipeline command that calls the production owner directly; do not call the MCP dispatcher."
"material/properties/get"	"immediate"	"com.vm233.unity-mcp"	"3441d9e63486d51e3bdccf872cc1c5bcdd1ac23c"	"Editor/MCPBuiltInRouteDescriptorRegistry.cs"	"152"	"official_candidate"	"get_material_properties"	"com.unity.pipeline"	"pending_semantic_review"	"pending"	""	""	"Name/action match only; prove input, output, error, side-effect, transaction, lifecycle, and consumer parity."
"material/properties/set"	"immediate"	"com.vm233.unity-mcp"	"3441d9e63486d51e3bdccf872cc1c5bcdd1ac23c"	"Editor/MCPBuiltInRouteDescriptorRegistry.cs"	"153"	"official_candidate"	"set_material_properties"	"com.unity.pipeline"	"pending_semantic_review"	"pending"	""	""	"Name/action match only; prove input, output, error, side-effect, transaction, lifecycle, and consumer parity."
"mcp/health"	"immediate"	"com.vm233.unity-mcp"	"3441d9e63486d51e3bdccf872cc1c5bcdd1ac23c"	"Editor/MCPBuiltInRouteDescriptorRegistry.cs"	"154"	"retire_candidate"	""	"none_after_cutover"	"pending_consumer_zero_proof"	"pending"	""	""	"unity status and Pipeline readiness replace MCP health"
"mcp/set-autostart"	"immediate"	"com.vm233.unity-mcp"	"3441d9e63486d51e3bdccf872cc1c5bcdd1ac23c"	"Editor/MCPBuiltInRouteDescriptorRegistry.cs"	"155"	"retire_candidate"	""	"none_after_cutover"	"pending_consumer_zero_proof"	"pending"	""	""	"MCP server lifecycle is removed at cutover"
"mppm/activate-player"	"immediate"	"com.vm233.unity-mcp"	"3441d9e63486d51e3bdccf872cc1c5bcdd1ac23c"	"Editor/MCPBuiltInRouteDescriptorRegistry.cs"	"156"	"custom_cli_review"	"vm_mppm_activate_player"	"com.vm233.unity-pipeline"	"pending_contract_migration"	"pending"	""	""	"Create a typed Pipeline command that calls the production owner directly; do not call the MCP dispatcher."
"mppm/deactivate-player"	"immediate"	"com.vm233.unity-mcp"	"3441d9e63486d51e3bdccf872cc1c5bcdd1ac23c"	"Editor/MCPBuiltInRouteDescriptorRegistry.cs"	"157"	"custom_cli_review"	"vm_mppm_deactivate_player"	"com.vm233.unity-pipeline"	"pending_contract_migration"	"pending"	""	""	"Create a typed Pipeline command that calls the production owner directly; do not call the MCP dispatcher."
"mppm/list-players"	"immediate"	"com.vm233.unity-mcp"	"3441d9e63486d51e3bdccf872cc1c5bcdd1ac23c"	"Editor/MCPBuiltInRouteDescriptorRegistry.cs"	"158"	"custom_cli_review"	"vm_mppm_list_players"	"com.vm233.unity-pipeline"	"pending_contract_migration"	"pending"	""	""	"Create a typed Pipeline command that calls the production owner directly; do not call the MCP dispatcher."
"navigation/add-agent"	"immediate"	"com.vm233.unity-mcp"	"3441d9e63486d51e3bdccf872cc1c5bcdd1ac23c"	"Editor/MCPBuiltInRouteDescriptorRegistry.cs"	"159"	"custom_cli_review"	"vm_navigation_add_agent"	"com.vm233.unity-pipeline"	"pending_contract_migration"	"pending"	""	""	"Create a typed Pipeline command that calls the production owner directly; do not call the MCP dispatcher."
"navigation/add-obstacle"	"immediate"	"com.vm233.unity-mcp"	"3441d9e63486d51e3bdccf872cc1c5bcdd1ac23c"	"Editor/MCPBuiltInRouteDescriptorRegistry.cs"	"160"	"custom_cli_review"	"vm_navigation_add_obstacle"	"com.vm233.unity-pipeline"	"pending_contract_migration"	"pending"	""	""	"Create a typed Pipeline command that calls the production owner directly; do not call the MCP dispatcher."
"navigation/bake"	"immediate"	"com.vm233.unity-mcp"	"3441d9e63486d51e3bdccf872cc1c5bcdd1ac23c"	"Editor/MCPBuiltInRouteDescriptorRegistry.cs"	"161"	"official_candidate"	"bake_navmesh"	"com.unity.pipeline"	"pending_semantic_review"	"pending"	""	""	"Name/action match only; prove input, output, error, side-effect, transaction, lifecycle, and consumer parity."
"navigation/clear"	"immediate"	"com.vm233.unity-mcp"	"3441d9e63486d51e3bdccf872cc1c5bcdd1ac23c"	"Editor/MCPBuiltInRouteDescriptorRegistry.cs"	"162"	"official_candidate"	"clear_navmesh"	"com.unity.pipeline"	"pending_semantic_review"	"pending"	""	""	"Name/action match only; prove input, output, error, side-effect, transaction, lifecycle, and consumer parity."
"navigation/info"	"immediate"	"com.vm233.unity-mcp"	"3441d9e63486d51e3bdccf872cc1c5bcdd1ac23c"	"Editor/MCPBuiltInRouteDescriptorRegistry.cs"	"163"	"official_candidate"	"get_navmesh_settings"	"com.unity.pipeline"	"pending_semantic_review"	"pending"	""	""	"Name/action match only; prove input, output, error, side-effect, transaction, lifecycle, and consumer parity."
"navigation/set-destination"	"immediate"	"com.vm233.unity-mcp"	"3441d9e63486d51e3bdccf872cc1c5bcdd1ac23c"	"Editor/MCPBuiltInRouteDescriptorRegistry.cs"	"164"	"custom_cli_review"	"vm_navigation_set_destination"	"com.vm233.unity-pipeline"	"pending_contract_migration"	"pending"	""	""	"Create a typed Pipeline command that calls the production owner directly; do not call the MCP dispatcher."
"packages/add"	"deferred"	"com.vm233.unity-mcp"	"3441d9e63486d51e3bdccf872cc1c5bcdd1ac23c"	"Editor/MCPBuiltInRouteDescriptorRegistry.cs"	"165"	"official_candidate"	"package_add"	"com.unity.pipeline"	"pending_semantic_review"	"pending"	""	""	"Name/action match only; prove input, output, error, side-effect, transaction, lifecycle, and consumer parity."
"packages/info"	"immediate"	"com.vm233.unity-mcp"	"3441d9e63486d51e3bdccf872cc1c5bcdd1ac23c"	"Editor/MCPBuiltInRouteDescriptorRegistry.cs"	"167"	"merge_candidate"	"package_list|package_status"	"official_and_or_vm_pipeline"	"pending_semantic_review"	"pending"	""	""	"Prove combined input, output, error, effect, lifecycle, and consumer equivalence before retiring the route."
"packages/lint-metas"	"immediate"	"com.vm233.unity-mcp"	"3441d9e63486d51e3bdccf872cc1c5bcdd1ac23c"	"Editor/MCPBuiltInRouteDescriptorRegistry.cs"	"168"	"custom_cli_review"	"vm_packages_lint_metas"	"com.vm233.unity-pipeline"	"pending_contract_migration"	"pending"	""	""	"Create a typed Pipeline command that calls the production owner directly; do not call the MCP dispatcher."
"packages/list"	"deferred"	"com.vm233.unity-mcp"	"3441d9e63486d51e3bdccf872cc1c5bcdd1ac23c"	"Editor/MCPBuiltInRouteDescriptorRegistry.cs"	"169"	"official_candidate"	"package_list"	"com.unity.pipeline"	"pending_semantic_review"	"pending"	""	""	"Name/action match only; prove input, output, error, side-effect, transaction, lifecycle, and consumer parity."
"packages/remove"	"deferred"	"com.vm233.unity-mcp"	"3441d9e63486d51e3bdccf872cc1c5bcdd1ac23c"	"Editor/MCPBuiltInRouteDescriptorRegistry.cs"	"171"	"official_candidate"	"package_remove"	"com.unity.pipeline"	"pending_semantic_review"	"pending"	""	""	"Name/action match only; prove input, output, error, side-effect, transaction, lifecycle, and consumer parity."
"packages/resolve"	"immediate"	"com.vm233.unity-mcp"	"3441d9e63486d51e3bdccf872cc1c5bcdd1ac23c"	"Editor/MCPBuiltInRouteDescriptorRegistry.cs"	"173"	"official_candidate"	"package_resolve"	"com.unity.pipeline"	"pending_semantic_review"	"pending"	""	""	"Name/action match only; prove input, output, error, side-effect, transaction, lifecycle, and consumer parity."
"packages/search"	"deferred"	"com.vm233.unity-mcp"	"3441d9e63486d51e3bdccf872cc1c5bcdd1ac23c"	"Editor/MCPBuiltInRouteDescriptorRegistry.cs"	"174"	"official_candidate"	"package_search"	"com.unity.pipeline"	"pending_semantic_review"	"pending"	""	""	"Name/action match only; prove input, output, error, side-effect, transaction, lifecycle, and consumer parity."
"packages/status"	"immediate"	"com.vm233.unity-mcp"	"3441d9e63486d51e3bdccf872cc1c5bcdd1ac23c"	"Editor/MCPBuiltInRouteDescriptorRegistry.cs"	"176"	"official_candidate"	"package_status"	"com.unity.pipeline"	"pending_semantic_review"	"pending"	""	""	"Name/action match only; prove input, output, error, side-effect, transaction, lifecycle, and consumer parity."
"packages/update-git"	"immediate"	"com.vm233.unity-mcp"	"3441d9e63486d51e3bdccf872cc1c5bcdd1ac23c"	"Editor/MCPBuiltInRouteDescriptorRegistry.cs"	"177"	"custom_cli_review"	"vm_packages_update_git"	"com.vm233.unity-pipeline"	"pending_contract_migration"	"pending"	""	""	"Create a typed Pipeline command that calls the production owner directly; do not call the MCP dispatcher."
"particle/create"	"immediate"	"com.vm233.unity-mcp"	"3441d9e63486d51e3bdccf872cc1c5bcdd1ac23c"	"Editor/MCPBuiltInRouteDescriptorRegistry.cs"	"178"	"custom_cli_review"	"vm_particle_create"	"com.vm233.unity-pipeline"	"pending_contract_migration"	"pending"	""	""	"Create a typed Pipeline command that calls the production owner directly; do not call the MCP dispatcher."
"particle/info"	"immediate"	"com.vm233.unity-mcp"	"3441d9e63486d51e3bdccf872cc1c5bcdd1ac23c"	"Editor/MCPBuiltInRouteDescriptorRegistry.cs"	"179"	"custom_cli_review"	"vm_particle_info"	"com.vm233.unity-pipeline"	"pending_contract_migration"	"pending"	""	""	"Create a typed Pipeline command that calls the production owner directly; do not call the MCP dispatcher."
"particle/playback"	"immediate"	"com.vm233.unity-mcp"	"3441d9e63486d51e3bdccf872cc1c5bcdd1ac23c"	"Editor/MCPBuiltInRouteDescriptorRegistry.cs"	"180"	"custom_cli_review"	"vm_particle_playback"	"com.vm233.unity-pipeline"	"pending_contract_migration"	"pending"	""	""	"Create a typed Pipeline command that calls the production owner directly; do not call the MCP dispatcher."
"particle/set-emission"	"immediate"	"com.vm233.unity-mcp"	"3441d9e63486d51e3bdccf872cc1c5bcdd1ac23c"	"Editor/MCPBuiltInRouteDescriptorRegistry.cs"	"181"	"custom_cli_review"	"vm_particle_set_emission"	"com.vm233.unity-pipeline"	"pending_contract_migration"	"pending"	""	""	"Create a typed Pipeline command that calls the production owner directly; do not call the MCP dispatcher."
"particle/set-main"	"immediate"	"com.vm233.unity-mcp"	"3441d9e63486d51e3bdccf872cc1c5bcdd1ac23c"	"Editor/MCPBuiltInRouteDescriptorRegistry.cs"	"182"	"custom_cli_review"	"vm_particle_set_main"	"com.vm233.unity-pipeline"	"pending_contract_migration"	"pending"	""	""	"Create a typed Pipeline command that calls the production owner directly; do not call the MCP dispatcher."
"particle/set-shape"	"immediate"	"com.vm233.unity-mcp"	"3441d9e63486d51e3bdccf872cc1c5bcdd1ac23c"	"Editor/MCPBuiltInRouteDescriptorRegistry.cs"	"183"	"custom_cli_review"	"vm_particle_set_shape"	"com.vm233.unity-pipeline"	"pending_contract_migration"	"pending"	""	""	"Create a typed Pipeline command that calls the production owner directly; do not call the MCP dispatcher."
"physics/collision-matrix"	"immediate"	"com.vm233.unity-mcp"	"3441d9e63486d51e3bdccf872cc1c5bcdd1ac23c"	"Editor/MCPBuiltInRouteDescriptorRegistry.cs"	"184"	"custom_cli_review"	"vm_physics_collision_matrix"	"com.vm233.unity-pipeline"	"pending_contract_migration"	"pending"	""	""	"Create a typed Pipeline command that calls the production owner directly; do not call the MCP dispatcher."
"physics/overlap-box"	"immediate"	"com.vm233.unity-mcp"	"3441d9e63486d51e3bdccf872cc1c5bcdd1ac23c"	"Editor/MCPBuiltInRouteDescriptorRegistry.cs"	"185"	"custom_cli_review"	"vm_physics_overlap_box"	"com.vm233.unity-pipeline"	"pending_contract_migration"	"pending"	""	""	"Create a typed Pipeline command that calls the production owner directly; do not call the MCP dispatcher."
"physics/overlap-sphere"	"immediate"	"com.vm233.unity-mcp"	"3441d9e63486d51e3bdccf872cc1c5bcdd1ac23c"	"Editor/MCPBuiltInRouteDescriptorRegistry.cs"	"186"	"custom_cli_review"	"vm_physics_overlap_sphere"	"com.vm233.unity-pipeline"	"pending_contract_migration"	"pending"	""	""	"Create a typed Pipeline command that calls the production owner directly; do not call the MCP dispatcher."
"physics/raycast"	"immediate"	"com.vm233.unity-mcp"	"3441d9e63486d51e3bdccf872cc1c5bcdd1ac23c"	"Editor/MCPBuiltInRouteDescriptorRegistry.cs"	"187"	"custom_cli_review"	"vm_physics_raycast"	"com.vm233.unity-pipeline"	"pending_contract_migration"	"pending"	""	""	"Create a typed Pipeline command that calls the production owner directly; do not call the MCP dispatcher."
"physics/set-collision-layer"	"immediate"	"com.vm233.unity-mcp"	"3441d9e63486d51e3bdccf872cc1c5bcdd1ac23c"	"Editor/MCPBuiltInRouteDescriptorRegistry.cs"	"188"	"custom_cli_review"	"vm_physics_set_collision_layer"	"com.vm233.unity-pipeline"	"pending_contract_migration"	"pending"	""	""	"Create a typed Pipeline command that calls the production owner directly; do not call the MCP dispatcher."
"physics/set-gravity"	"immediate"	"com.vm233.unity-mcp"	"3441d9e63486d51e3bdccf872cc1c5bcdd1ac23c"	"Editor/MCPBuiltInRouteDescriptorRegistry.cs"	"189"	"custom_cli_review"	"vm_physics_set_gravity"	"com.vm233.unity-pipeline"	"pending_contract_migration"	"pending"	""	""	"Create a typed Pipeline command that calls the production owner directly; do not call the MCP dispatcher."
"ping"	"immediate"	"com.vm233.unity-mcp"	"3441d9e63486d51e3bdccf872cc1c5bcdd1ac23c"	"Editor/MCPBuiltInRouteDescriptorRegistry.cs"	"190"	"retire_candidate"	""	"none_after_cutover"	"pending_consumer_zero_proof"	"pending"	""	""	"unity status supplies transport liveness"
"playerprefs/delete"	"immediate"	"com.vm233.unity-mcp"	"3441d9e63486d51e3bdccf872cc1c5bcdd1ac23c"	"Editor/MCPBuiltInRouteDescriptorRegistry.cs"	"191"	"custom_cli_review"	"vm_playerprefs_delete"	"com.vm233.unity-pipeline"	"pending_contract_migration"	"pending"	""	""	"Create a typed Pipeline command that calls the production owner directly; do not call the MCP dispatcher."
"playerprefs/delete-all"	"immediate"	"com.vm233.unity-mcp"	"3441d9e63486d51e3bdccf872cc1c5bcdd1ac23c"	"Editor/MCPBuiltInRouteDescriptorRegistry.cs"	"192"	"custom_cli_review"	"vm_playerprefs_delete_all"	"com.vm233.unity-pipeline"	"pending_contract_migration"	"pending"	""	""	"Create a typed Pipeline command that calls the production owner directly; do not call the MCP dispatcher."
"playerprefs/get"	"immediate"	"com.vm233.unity-mcp"	"3441d9e63486d51e3bdccf872cc1c5bcdd1ac23c"	"Editor/MCPBuiltInRouteDescriptorRegistry.cs"	"193"	"custom_cli_review"	"vm_playerprefs_get"	"com.vm233.unity-pipeline"	"pending_contract_migration"	"pending"	""	""	"Create a typed Pipeline command that calls the production owner directly; do not call the MCP dispatcher."
"playerprefs/set"	"immediate"	"com.vm233.unity-mcp"	"3441d9e63486d51e3bdccf872cc1c5bcdd1ac23c"	"Editor/MCPBuiltInRouteDescriptorRegistry.cs"	"194"	"custom_cli_review"	"vm_playerprefs_set"	"com.vm233.unity-pipeline"	"pending_contract_migration"	"pending"	""	""	"Create a typed Pipeline command that calls the production owner directly; do not call the MCP dispatcher."
"prefab-asset/add-component"	"deferred"	"com.vm233.unity-mcp"	"3441d9e63486d51e3bdccf872cc1c5bcdd1ac23c"	"Editor/MCPBuiltInRouteDescriptorRegistry.cs"	"195"	"custom_cli_review"	"vm_prefab_asset_add_component"	"com.vm233.unity-pipeline"	"pending_contract_migration"	"pending"	""	""	"Create a typed Pipeline command that calls the production owner directly; do not call the MCP dispatcher."
"prefab-asset/add-gameobject"	"immediate"	"com.vm233.unity-mcp"	"3441d9e63486d51e3bdccf872cc1c5bcdd1ac23c"	"Editor/MCPBuiltInRouteDescriptorRegistry.cs"	"196"	"custom_cli_review"	"vm_prefab_asset_add_gameobject"	"com.vm233.unity-pipeline"	"pending_contract_migration"	"pending"	""	""	"Create a typed Pipeline command that calls the production owner directly; do not call the MCP dispatcher."
"prefab-asset/apply-variant-override"	"immediate"	"com.vm233.unity-mcp"	"3441d9e63486d51e3bdccf872cc1c5bcdd1ac23c"	"Editor/MCPBuiltInRouteDescriptorRegistry.cs"	"197"	"custom_cli_review"	"vm_prefab_asset_apply_variant_override"	"com.vm233.unity-pipeline"	"pending_contract_migration"	"pending"	""	""	"Create a typed Pipeline command that calls the production owner directly; do not call the MCP dispatcher."
"prefab-asset/cleanup-missing-overrides"	"immediate"	"com.vm233.unity-mcp"	"3441d9e63486d51e3bdccf872cc1c5bcdd1ac23c"	"Editor/MCPBuiltInRouteDescriptorRegistry.cs"	"198"	"custom_cli_review"	"vm_prefab_asset_cleanup_missing_overrides"	"com.vm233.unity-pipeline"	"pending_contract_migration"	"pending"	""	""	"Create a typed Pipeline command that calls the production owner directly; do not call the MCP dispatcher."
"prefab-asset/compare-variant"	"immediate"	"com.vm233.unity-mcp"	"3441d9e63486d51e3bdccf872cc1c5bcdd1ac23c"	"Editor/MCPBuiltInRouteDescriptorRegistry.cs"	"199"	"custom_cli_review"	"vm_prefab_asset_compare_variant"	"com.vm233.unity-pipeline"	"pending_contract_migration"	"pending"	""	""	"Create a typed Pipeline command that calls the production owner directly; do not call the MCP dispatcher."
"prefab-asset/configure-component"	"deferred"	"com.vm233.unity-mcp"	"3441d9e63486d51e3bdccf872cc1c5bcdd1ac23c"	"Editor/MCPBuiltInRouteDescriptorRegistry.cs"	"200"	"custom_cli_review"	"vm_prefab_asset_configure_component"	"com.vm233.unity-pipeline"	"pending_contract_migration"	"pending"	""	""	"Create a typed Pipeline command that calls the production owner directly; do not call the MCP dispatcher."
"prefab-asset/find"	"immediate"	"com.vm233.unity-mcp"	"3441d9e63486d51e3bdccf872cc1c5bcdd1ac23c"	"Editor/MCPBuiltInRouteDescriptorRegistry.cs"	"201"	"custom_cli_review"	"vm_prefab_asset_find"	"com.vm233.unity-pipeline"	"pending_contract_migration"	"pending"	""	""	"Create a typed Pipeline command that calls the production owner directly; do not call the MCP dispatcher."
"prefab-asset/get-properties"	"immediate"	"com.vm233.unity-mcp"	"3441d9e63486d51e3bdccf872cc1c5bcdd1ac23c"	"Editor/MCPBuiltInRouteDescriptorRegistry.cs"	"202"	"custom_cli_review"	"vm_prefab_asset_get_properties"	"com.vm233.unity-pipeline"	"pending_contract_migration"	"pending"	""	""	"Create a typed Pipeline command that calls the production owner directly; do not call the MCP dispatcher."
"prefab-asset/hierarchy"	"immediate"	"com.vm233.unity-mcp"	"3441d9e63486d51e3bdccf872cc1c5bcdd1ac23c"	"Editor/MCPBuiltInRouteDescriptorRegistry.cs"	"203"	"custom_cli_review"	"vm_prefab_asset_hierarchy"	"com.vm233.unity-pipeline"	"pending_contract_migration"	"pending"	""	""	"Create a typed Pipeline command that calls the production owner directly; do not call the MCP dispatcher."
"prefab-asset/instantiate-child-prefab"	"immediate"	"com.vm233.unity-mcp"	"3441d9e63486d51e3bdccf872cc1c5bcdd1ac23c"	"Editor/MCPBuiltInRouteDescriptorRegistry.cs"	"204"	"custom_cli_review"	"vm_prefab_asset_instantiate_child_prefab"	"com.vm233.unity-pipeline"	"pending_contract_migration"	"pending"	""	""	"Create a typed Pipeline command that calls the production owner directly; do not call the MCP dispatcher."
"prefab-asset/move-component"	"immediate"	"com.vm233.unity-mcp"	"3441d9e63486d51e3bdccf872cc1c5bcdd1ac23c"	"Editor/MCPBuiltInRouteDescriptorRegistry.cs"	"205"	"custom_cli_review"	"vm_prefab_asset_move_component"	"com.vm233.unity-pipeline"	"pending_contract_migration"	"pending"	""	""	"Create a typed Pipeline command that calls the production owner directly; do not call the MCP dispatcher."
"prefab-asset/move-gameobject"	"immediate"	"com.vm233.unity-mcp"	"3441d9e63486d51e3bdccf872cc1c5bcdd1ac23c"	"Editor/MCPBuiltInRouteDescriptorRegistry.cs"	"206"	"custom_cli_review"	"vm_prefab_asset_move_gameobject"	"com.vm233.unity-pipeline"	"pending_contract_migration"	"pending"	""	""	"Create a typed Pipeline command that calls the production owner directly; do not call the MCP dispatcher."
"prefab-asset/remove-component"	"immediate"	"com.vm233.unity-mcp"	"3441d9e63486d51e3bdccf872cc1c5bcdd1ac23c"	"Editor/MCPBuiltInRouteDescriptorRegistry.cs"	"207"	"custom_cli_review"	"vm_prefab_asset_remove_component"	"com.vm233.unity-pipeline"	"pending_contract_migration"	"pending"	""	""	"Create a typed Pipeline command that calls the production owner directly; do not call the MCP dispatcher."
"prefab-asset/remove-gameobject"	"immediate"	"com.vm233.unity-mcp"	"3441d9e63486d51e3bdccf872cc1c5bcdd1ac23c"	"Editor/MCPBuiltInRouteDescriptorRegistry.cs"	"208"	"custom_cli_review"	"vm_prefab_asset_remove_gameobject"	"com.vm233.unity-pipeline"	"pending_contract_migration"	"pending"	""	""	"Create a typed Pipeline command that calls the production owner directly; do not call the MCP dispatcher."
"prefab-asset/revert-variant-override"	"immediate"	"com.vm233.unity-mcp"	"3441d9e63486d51e3bdccf872cc1c5bcdd1ac23c"	"Editor/MCPBuiltInRouteDescriptorRegistry.cs"	"209"	"custom_cli_review"	"vm_prefab_asset_revert_variant_override"	"com.vm233.unity-pipeline"	"pending_contract_migration"	"pending"	""	""	"Create a typed Pipeline command that calls the production owner directly; do not call the MCP dispatcher."
"prefab-asset/set-property"	"immediate"	"com.vm233.unity-mcp"	"3441d9e63486d51e3bdccf872cc1c5bcdd1ac23c"	"Editor/MCPBuiltInRouteDescriptorRegistry.cs"	"210"	"custom_cli_review"	"vm_prefab_asset_set_property"	"com.vm233.unity-pipeline"	"pending_contract_migration"	"pending"	""	""	"Create a typed Pipeline command that calls the production owner directly; do not call the MCP dispatcher."
"prefab-asset/set-reference"	"immediate"	"com.vm233.unity-mcp"	"3441d9e63486d51e3bdccf872cc1c5bcdd1ac23c"	"Editor/MCPBuiltInRouteDescriptorRegistry.cs"	"211"	"custom_cli_review"	"vm_prefab_asset_set_reference"	"com.vm233.unity-pipeline"	"pending_contract_migration"	"pending"	""	""	"Create a typed Pipeline command that calls the production owner directly; do not call the MCP dispatcher."
"prefab-asset/transaction-edit"	"deferred"	"com.vm233.unity-mcp"	"3441d9e63486d51e3bdccf872cc1c5bcdd1ac23c"	"Editor/MCPBuiltInRouteDescriptorRegistry.cs"	"212"	"custom_cli_review"	"vm_prefab_asset_transaction_edit"	"com.vm233.unity-pipeline"	"pending_contract_migration"	"pending"	""	""	"Create a typed Pipeline command that calls the production owner directly; do not call the MCP dispatcher."
"prefab-asset/transfer-variant-overrides"	"immediate"	"com.vm233.unity-mcp"	"3441d9e63486d51e3bdccf872cc1c5bcdd1ac23c"	"Editor/MCPBuiltInRouteDescriptorRegistry.cs"	"213"	"custom_cli_review"	"vm_prefab_asset_transfer_variant_overrides"	"com.vm233.unity-pipeline"	"pending_contract_migration"	"pending"	""	""	"Create a typed Pipeline command that calls the production owner directly; do not call the MCP dispatcher."
"prefab-asset/variant-info"	"immediate"	"com.vm233.unity-mcp"	"3441d9e63486d51e3bdccf872cc1c5bcdd1ac23c"	"Editor/MCPBuiltInRouteDescriptorRegistry.cs"	"214"	"custom_cli_review"	"vm_prefab_asset_variant_info"	"com.vm233.unity-pipeline"	"pending_contract_migration"	"pending"	""	""	"Create a typed Pipeline command that calls the production owner directly; do not call the MCP dispatcher."
"prefab/apply-overrides"	"immediate"	"com.vm233.unity-mcp"	"3441d9e63486d51e3bdccf872cc1c5bcdd1ac23c"	"Editor/MCPBuiltInRouteDescriptorRegistry.cs"	"215"	"official_candidate"	"apply_prefab_overrides"	"com.unity.pipeline"	"pending_semantic_review"	"pending"	""	""	"Name/action match only; prove input, output, error, side-effect, transaction, lifecycle, and consumer parity."
"prefab/create-variant"	"immediate"	"com.vm233.unity-mcp"	"3441d9e63486d51e3bdccf872cc1c5bcdd1ac23c"	"Editor/MCPBuiltInRouteDescriptorRegistry.cs"	"216"	"official_candidate"	"create_prefab_variant"	"com.unity.pipeline"	"pending_semantic_review"	"pending"	""	""	"Name/action match only; prove input, output, error, side-effect, transaction, lifecycle, and consumer parity."
"prefab/info"	"immediate"	"com.vm233.unity-mcp"	"3441d9e63486d51e3bdccf872cc1c5bcdd1ac23c"	"Editor/MCPBuiltInRouteDescriptorRegistry.cs"	"217"	"custom_cli_review"	"vm_prefab_info"	"com.vm233.unity-pipeline"	"pending_contract_migration"	"pending"	""	""	"Create a typed Pipeline command that calls the production owner directly; do not call the MCP dispatcher."
"prefab/revert-overrides"	"immediate"	"com.vm233.unity-mcp"	"3441d9e63486d51e3bdccf872cc1c5bcdd1ac23c"	"Editor/MCPBuiltInRouteDescriptorRegistry.cs"	"218"	"official_candidate"	"revert_prefab_overrides"	"com.unity.pipeline"	"pending_semantic_review"	"pending"	""	""	"Name/action match only; prove input, output, error, side-effect, transaction, lifecycle, and consumer parity."
"prefab/unpack"	"immediate"	"com.vm233.unity-mcp"	"3441d9e63486d51e3bdccf872cc1c5bcdd1ac23c"	"Editor/MCPBuiltInRouteDescriptorRegistry.cs"	"219"	"official_candidate"	"unpack_prefab"	"com.unity.pipeline"	"pending_semantic_review"	"pending"	""	""	"Name/action match only; prove input, output, error, side-effect, transaction, lifecycle, and consumer parity."
"profiler/analyze"	"immediate"	"com.vm233.unity-mcp"	"3441d9e63486d51e3bdccf872cc1c5bcdd1ac23c"	"Editor/MCPBuiltInRouteDescriptorRegistry.cs"	"220"	"custom_cli_review"	"vm_profiler_analyze"	"com.vm233.unity-pipeline"	"pending_contract_migration"	"pending"	""	""	"Create a typed Pipeline command that calls the production owner directly; do not call the MCP dispatcher."
"profiler/enable"	"immediate"	"com.vm233.unity-mcp"	"3441d9e63486d51e3bdccf872cc1c5bcdd1ac23c"	"Editor/MCPBuiltInRouteDescriptorRegistry.cs"	"221"	"custom_cli_review"	"vm_profiler_enable"	"com.vm233.unity-pipeline"	"pending_contract_migration"	"pending"	""	""	"Create a typed Pipeline command that calls the production owner directly; do not call the MCP dispatcher."
"profiler/frame-data"	"immediate"	"com.vm233.unity-mcp"	"3441d9e63486d51e3bdccf872cc1c5bcdd1ac23c"	"Editor/MCPBuiltInRouteDescriptorRegistry.cs"	"222"	"custom_cli_review"	"vm_profiler_frame_data"	"com.vm233.unity-pipeline"	"pending_contract_migration"	"pending"	""	""	"Create a typed Pipeline command that calls the production owner directly; do not call the MCP dispatcher."
"profiler/memory"	"immediate"	"com.vm233.unity-mcp"	"3441d9e63486d51e3bdccf872cc1c5bcdd1ac23c"	"Editor/MCPBuiltInRouteDescriptorRegistry.cs"	"223"	"custom_cli_review"	"vm_profiler_memory"	"com.vm233.unity-pipeline"	"pending_contract_migration"	"pending"	""	""	"Create a typed Pipeline command that calls the production owner directly; do not call the MCP dispatcher."
"profiler/memory-breakdown"	"immediate"	"com.vm233.unity-mcp"	"3441d9e63486d51e3bdccf872cc1c5bcdd1ac23c"	"Editor/MCPBuiltInRouteDescriptorRegistry.cs"	"224"	"custom_cli_review"	"vm_profiler_memory_breakdown"	"com.vm233.unity-pipeline"	"pending_contract_migration"	"pending"	""	""	"Create a typed Pipeline command that calls the production owner directly; do not call the MCP dispatcher."
"profiler/memory-snapshot"	"deferred"	"com.vm233.unity-mcp"	"3441d9e63486d51e3bdccf872cc1c5bcdd1ac23c"	"Editor/MCPBuiltInRouteDescriptorRegistry.cs"	"225"	"custom_cli_review"	"vm_profiler_memory_snapshot"	"com.vm233.unity-pipeline"	"pending_contract_migration"	"pending"	""	""	"Create a typed Pipeline command that calls the production owner directly; do not call the MCP dispatcher."
"profiler/memory-snapshot-status"	"immediate"	"com.vm233.unity-mcp"	"3441d9e63486d51e3bdccf872cc1c5bcdd1ac23c"	"Editor/MCPBuiltInRouteDescriptorRegistry.cs"	"226"	"custom_cli_review"	"vm_profiler_memory_snapshot_status"	"com.vm233.unity-pipeline"	"pending_contract_migration"	"pending"	""	""	"Create a typed Pipeline command that calls the production owner directly; do not call the MCP dispatcher."
"profiler/memory-status"	"immediate"	"com.vm233.unity-mcp"	"3441d9e63486d51e3bdccf872cc1c5bcdd1ac23c"	"Editor/MCPBuiltInRouteDescriptorRegistry.cs"	"227"	"custom_cli_review"	"vm_profiler_memory_status"	"com.vm233.unity-pipeline"	"pending_contract_migration"	"pending"	""	""	"Create a typed Pipeline command that calls the production owner directly; do not call the MCP dispatcher."
"profiler/memory-top-assets"	"immediate"	"com.vm233.unity-mcp"	"3441d9e63486d51e3bdccf872cc1c5bcdd1ac23c"	"Editor/MCPBuiltInRouteDescriptorRegistry.cs"	"228"	"custom_cli_review"	"vm_profiler_memory_top_assets"	"com.vm233.unity-pipeline"	"pending_contract_migration"	"pending"	""	""	"Create a typed Pipeline command that calls the production owner directly; do not call the MCP dispatcher."
"profiler/stats"	"immediate"	"com.vm233.unity-mcp"	"3441d9e63486d51e3bdccf872cc1c5bcdd1ac23c"	"Editor/MCPBuiltInRouteDescriptorRegistry.cs"	"229"	"custom_cli_review"	"vm_profiler_stats"	"com.vm233.unity-pipeline"	"pending_contract_migration"	"pending"	""	""	"Create a typed Pipeline command that calls the production owner directly; do not call the MCP dispatcher."
"project-auditor/audit"	"deferred"	"com.vm233.unity-mcp"	"3441d9e63486d51e3bdccf872cc1c5bcdd1ac23c"	"Editor/MCPBuiltInRouteDescriptorRegistry.cs"	"230"	"custom_cli_review"	"vm_project_auditor_audit"	"com.vm233.unity-pipeline"	"pending_contract_migration"	"pending"	""	""	"Create a typed Pipeline command that calls the production owner directly; do not call the MCP dispatcher."
"project/info"	"immediate"	"com.vm233.unity-mcp"	"3441d9e63486d51e3bdccf872cc1c5bcdd1ac23c"	"Editor/MCPBuiltInRouteDescriptorRegistry.cs"	"231"	"custom_cli_review"	"vm_project_info"	"com.vm233.unity-pipeline"	"pending_contract_migration"	"pending"	""	""	"Create a typed Pipeline command that calls the production owner directly; do not call the MCP dispatcher."
"renderer/set-material"	"immediate"	"com.vm233.unity-mcp"	"3441d9e63486d51e3bdccf872cc1c5bcdd1ac23c"	"Editor/MCPBuiltInRouteDescriptorRegistry.cs"	"232"	"custom_cli_review"	"vm_renderer_set_material"	"com.vm233.unity-pipeline"	"pending_contract_migration"	"pending"	""	""	"Create a typed Pipeline command that calls the production owner directly; do not call the MCP dispatcher."
"scenario/activate"	"immediate"	"com.vm233.unity-mcp"	"3441d9e63486d51e3bdccf872cc1c5bcdd1ac23c"	"Editor/MCPBuiltInRouteDescriptorRegistry.cs"	"233"	"custom_cli_review"	"vm_scenario_activate"	"com.vm233.unity-pipeline"	"pending_contract_migration"	"pending"	""	""	"Create a typed Pipeline command that calls the production owner directly; do not call the MCP dispatcher."
"scenario/create"	"immediate"	"com.vm233.unity-mcp"	"3441d9e63486d51e3bdccf872cc1c5bcdd1ac23c"	"Editor/MCPBuiltInRouteDescriptorRegistry.cs"	"234"	"custom_cli_review"	"vm_scenario_create"	"com.vm233.unity-pipeline"	"pending_contract_migration"	"pending"	""	""	"Create a typed Pipeline command that calls the production owner directly; do not call the MCP dispatcher."
"scenario/info"	"immediate"	"com.vm233.unity-mcp"	"3441d9e63486d51e3bdccf872cc1c5bcdd1ac23c"	"Editor/MCPBuiltInRouteDescriptorRegistry.cs"	"235"	"custom_cli_review"	"vm_scenario_info"	"com.vm233.unity-pipeline"	"pending_contract_migration"	"pending"	""	""	"Create a typed Pipeline command that calls the production owner directly; do not call the MCP dispatcher."
"scenario/list"	"immediate"	"com.vm233.unity-mcp"	"3441d9e63486d51e3bdccf872cc1c5bcdd1ac23c"	"Editor/MCPBuiltInRouteDescriptorRegistry.cs"	"236"	"custom_cli_review"	"vm_scenario_list"	"com.vm233.unity-pipeline"	"pending_contract_migration"	"pending"	""	""	"Create a typed Pipeline command that calls the production owner directly; do not call the MCP dispatcher."
"scenario/start"	"immediate"	"com.vm233.unity-mcp"	"3441d9e63486d51e3bdccf872cc1c5bcdd1ac23c"	"Editor/MCPBuiltInRouteDescriptorRegistry.cs"	"237"	"custom_cli_review"	"vm_scenario_start"	"com.vm233.unity-pipeline"	"pending_contract_migration"	"pending"	""	""	"Create a typed Pipeline command that calls the production owner directly; do not call the MCP dispatcher."
"scenario/status"	"immediate"	"com.vm233.unity-mcp"	"3441d9e63486d51e3bdccf872cc1c5bcdd1ac23c"	"Editor/MCPBuiltInRouteDescriptorRegistry.cs"	"238"	"custom_cli_review"	"vm_scenario_status"	"com.vm233.unity-pipeline"	"pending_contract_migration"	"pending"	""	""	"Create a typed Pipeline command that calls the production owner directly; do not call the MCP dispatcher."
"scenario/stop"	"immediate"	"com.vm233.unity-mcp"	"3441d9e63486d51e3bdccf872cc1c5bcdd1ac23c"	"Editor/MCPBuiltInRouteDescriptorRegistry.cs"	"239"	"custom_cli_review"	"vm_scenario_stop"	"com.vm233.unity-pipeline"	"pending_contract_migration"	"pending"	""	""	"Create a typed Pipeline command that calls the production owner directly; do not call the MCP dispatcher."
"scene/hierarchy"	"immediate"	"com.vm233.unity-mcp"	"3441d9e63486d51e3bdccf872cc1c5bcdd1ac23c"	"Editor/MCPBuiltInRouteDescriptorRegistry.cs"	"240"	"official_candidate"	"get_scene_hierarchy"	"com.unity.pipeline"	"pending_semantic_review"	"pending"	""	""	"Name/action match only; prove input, output, error, side-effect, transaction, lifecycle, and consumer parity."
"scene/info"	"immediate"	"com.vm233.unity-mcp"	"3441d9e63486d51e3bdccf872cc1c5bcdd1ac23c"	"Editor/MCPBuiltInRouteDescriptorRegistry.cs"	"241"	"custom_cli_review"	"vm_scene_info"	"com.vm233.unity-pipeline"	"pending_contract_migration"	"pending"	""	""	"Create a typed Pipeline command that calls the production owner directly; do not call the MCP dispatcher."
"scene/instantiate-prefab"	"immediate"	"com.vm233.unity-mcp"	"3441d9e63486d51e3bdccf872cc1c5bcdd1ac23c"	"Editor/MCPBuiltInRouteDescriptorRegistry.cs"	"242"	"official_candidate"	"instantiate_prefab"	"com.unity.pipeline"	"pending_semantic_review"	"pending"	""	""	"Name/action match only; prove input, output, error, side-effect, transaction, lifecycle, and consumer parity."
"scene/new"	"immediate"	"com.vm233.unity-mcp"	"3441d9e63486d51e3bdccf872cc1c5bcdd1ac23c"	"Editor/MCPBuiltInRouteDescriptorRegistry.cs"	"243"	"official_candidate"	"create_scene"	"com.unity.pipeline"	"pending_semantic_review"	"pending"	""	""	"Name/action match only; prove input, output, error, side-effect, transaction, lifecycle, and consumer parity."
"scene/open"	"immediate"	"com.vm233.unity-mcp"	"3441d9e63486d51e3bdccf872cc1c5bcdd1ac23c"	"Editor/MCPBuiltInRouteDescriptorRegistry.cs"	"244"	"official_candidate"	"open_scene"	"com.unity.pipeline"	"pending_semantic_review"	"pending"	""	""	"Name/action match only; prove input, output, error, side-effect, transaction, lifecycle, and consumer parity."
"scene/save"	"immediate"	"com.vm233.unity-mcp"	"3441d9e63486d51e3bdccf872cc1c5bcdd1ac23c"	"Editor/MCPBuiltInRouteDescriptorRegistry.cs"	"245"	"official_candidate"	"save_scene"	"com.unity.pipeline"	"pending_semantic_review"	"pending"	""	""	"Name/action match only; prove input, output, error, side-effect, transaction, lifecycle, and consumer parity."
"scene/workspace"	"immediate"	"com.vm233.unity-mcp"	"3441d9e63486d51e3bdccf872cc1c5bcdd1ac23c"	"Editor/MCPBuiltInRouteDescriptorRegistry.cs"	"246"	"custom_cli_review"	"vm_scene_workspace"	"com.vm233.unity-pipeline"	"pending_contract_migration"	"pending"	""	""	"Create a typed Pipeline command that calls the production owner directly; do not call the MCP dispatcher."
"sceneview/info"	"immediate"	"com.vm233.unity-mcp"	"3441d9e63486d51e3bdccf872cc1c5bcdd1ac23c"	"Editor/MCPBuiltInRouteDescriptorRegistry.cs"	"247"	"custom_cli_review"	"vm_sceneview_info"	"com.vm233.unity-pipeline"	"pending_contract_migration"	"pending"	""	""	"Create a typed Pipeline command that calls the production owner directly; do not call the MCP dispatcher."
"sceneview/set-camera"	"immediate"	"com.vm233.unity-mcp"	"3441d9e63486d51e3bdccf872cc1c5bcdd1ac23c"	"Editor/MCPBuiltInRouteDescriptorRegistry.cs"	"248"	"custom_cli_review"	"vm_sceneview_set_camera"	"com.vm233.unity-pipeline"	"pending_contract_migration"	"pending"	""	""	"Create a typed Pipeline command that calls the production owner directly; do not call the MCP dispatcher."
"screenshot/crop"	"immediate"	"com.vm233.unity-mcp"	"3441d9e63486d51e3bdccf872cc1c5bcdd1ac23c"	"Editor/MCPBuiltInRouteDescriptorRegistry.cs"	"249"	"custom_cli_review"	"vm_screenshot_crop"	"com.vm233.unity-pipeline"	"pending_contract_migration"	"pending"	""	""	"Create a typed Pipeline command that calls the production owner directly; do not call the MCP dispatcher."
"screenshot/editor-window"	"immediate"	"com.vm233.unity-mcp"	"3441d9e63486d51e3bdccf872cc1c5bcdd1ac23c"	"Editor/MCPBuiltInRouteDescriptorRegistry.cs"	"250"	"merge_candidate"	"screenshot|capture_scene_view|capture_game_view"	"official_and_or_vm_pipeline"	"pending_semantic_review"	"pending"	""	""	"Prove combined input, output, error, effect, lifecycle, and consumer equivalence before retiring the route."
"screenshot/game"	"deferred"	"com.vm233.unity-mcp"	"3441d9e63486d51e3bdccf872cc1c5bcdd1ac23c"	"Editor/MCPBuiltInRouteDescriptorRegistry.cs"	"251"	"official_candidate"	"capture_game_view"	"com.unity.pipeline"	"pending_semantic_review"	"pending"	""	""	"Name/action match only; prove input, output, error, side-effect, transaction, lifecycle, and consumer parity."
"screenshot/scene"	"immediate"	"com.vm233.unity-mcp"	"3441d9e63486d51e3bdccf872cc1c5bcdd1ac23c"	"Editor/MCPBuiltInRouteDescriptorRegistry.cs"	"253"	"official_candidate"	"capture_scene_view"	"com.unity.pipeline"	"pending_semantic_review"	"pending"	""	""	"Name/action match only; prove input, output, error, side-effect, transaction, lifecycle, and consumer parity."
"script/create"	"immediate"	"com.vm233.unity-mcp"	"3441d9e63486d51e3bdccf872cc1c5bcdd1ac23c"	"Editor/MCPBuiltInRouteDescriptorRegistry.cs"	"254"	"official_candidate"	"create_script"	"com.unity.pipeline"	"pending_semantic_review"	"pending"	""	""	"Name/action match only; prove input, output, error, side-effect, transaction, lifecycle, and consumer parity."
"script/read"	"immediate"	"com.vm233.unity-mcp"	"3441d9e63486d51e3bdccf872cc1c5bcdd1ac23c"	"Editor/MCPBuiltInRouteDescriptorRegistry.cs"	"255"	"official_candidate"	"read_text_file"	"com.unity.pipeline"	"pending_semantic_review"	"pending"	""	""	"Name/action match only; prove input, output, error, side-effect, transaction, lifecycle, and consumer parity."
"script/update"	"immediate"	"com.vm233.unity-mcp"	"3441d9e63486d51e3bdccf872cc1c5bcdd1ac23c"	"Editor/MCPBuiltInRouteDescriptorRegistry.cs"	"256"	"official_candidate"	"write_text_file"	"com.unity.pipeline"	"pending_semantic_review"	"pending"	""	""	"Name/action match only; prove input, output, error, side-effect, transaction, lifecycle, and consumer parity."
"scriptableobject/create"	"immediate"	"com.vm233.unity-mcp"	"3441d9e63486d51e3bdccf872cc1c5bcdd1ac23c"	"Editor/MCPBuiltInRouteDescriptorRegistry.cs"	"257"	"custom_cli_review"	"vm_scriptableobject_create"	"com.vm233.unity-pipeline"	"pending_contract_migration"	"pending"	""	""	"Create a typed Pipeline command that calls the production owner directly; do not call the MCP dispatcher."
"scriptableobject/info"	"immediate"	"com.vm233.unity-mcp"	"3441d9e63486d51e3bdccf872cc1c5bcdd1ac23c"	"Editor/MCPBuiltInRouteDescriptorRegistry.cs"	"258"	"custom_cli_review"	"vm_scriptableobject_info"	"com.vm233.unity-pipeline"	"pending_contract_migration"	"pending"	""	""	"Create a typed Pipeline command that calls the production owner directly; do not call the MCP dispatcher."
"scriptableobject/list-types"	"immediate"	"com.vm233.unity-mcp"	"3441d9e63486d51e3bdccf872cc1c5bcdd1ac23c"	"Editor/MCPBuiltInRouteDescriptorRegistry.cs"	"259"	"custom_cli_review"	"vm_scriptableobject_list_types"	"com.vm233.unity-pipeline"	"pending_contract_migration"	"pending"	""	""	"Create a typed Pipeline command that calls the production owner directly; do not call the MCP dispatcher."
"scriptableobject/set-field"	"immediate"	"com.vm233.unity-mcp"	"3441d9e63486d51e3bdccf872cc1c5bcdd1ac23c"	"Editor/MCPBuiltInRouteDescriptorRegistry.cs"	"260"	"custom_cli_review"	"vm_scriptableobject_set_field"	"com.vm233.unity-pipeline"	"pending_contract_migration"	"pending"	""	""	"Create a typed Pipeline command that calls the production owner directly; do not call the MCP dispatcher."
"search/missing-references"	"immediate"	"com.vm233.unity-mcp"	"3441d9e63486d51e3bdccf872cc1c5bcdd1ac23c"	"Editor/MCPBuiltInRouteDescriptorRegistry.cs"	"261"	"custom_cli_review"	"vm_search_missing_references"	"com.vm233.unity-pipeline"	"pending_contract_migration"	"pending"	""	""	"Create a typed Pipeline command that calls the production owner directly; do not call the MCP dispatcher."
"search/scene"	"immediate"	"com.vm233.unity-mcp"	"3441d9e63486d51e3bdccf872cc1c5bcdd1ac23c"	"Editor/MCPBuiltInRouteDescriptorRegistry.cs"	"262"	"custom_cli_review"	"vm_search_scene"	"com.vm233.unity-pipeline"	"pending_contract_migration"	"pending"	""	""	"Create a typed Pipeline command that calls the production owner directly; do not call the MCP dispatcher."
"search/scene-stats"	"immediate"	"com.vm233.unity-mcp"	"3441d9e63486d51e3bdccf872cc1c5bcdd1ac23c"	"Editor/MCPBuiltInRouteDescriptorRegistry.cs"	"263"	"custom_cli_review"	"vm_search_scene_stats"	"com.vm233.unity-pipeline"	"pending_contract_migration"	"pending"	""	""	"Create a typed Pipeline command that calls the production owner directly; do not call the MCP dispatcher."
"selection/focus-scene-view"	"immediate"	"com.vm233.unity-mcp"	"3441d9e63486d51e3bdccf872cc1c5bcdd1ac23c"	"Editor/MCPBuiltInRouteDescriptorRegistry.cs"	"264"	"custom_cli_review"	"vm_selection_focus_scene_view"	"com.vm233.unity-pipeline"	"pending_contract_migration"	"pending"	""	""	"Create a typed Pipeline command that calls the production owner directly; do not call the MCP dispatcher."
"selection/get"	"immediate"	"com.vm233.unity-mcp"	"3441d9e63486d51e3bdccf872cc1c5bcdd1ac23c"	"Editor/MCPBuiltInRouteDescriptorRegistry.cs"	"265"	"official_candidate"	"get_selection"	"com.unity.pipeline"	"pending_semantic_review"	"pending"	""	""	"Name/action match only; prove input, output, error, side-effect, transaction, lifecycle, and consumer parity."
"selection/set"	"immediate"	"com.vm233.unity-mcp"	"3441d9e63486d51e3bdccf872cc1c5bcdd1ac23c"	"Editor/MCPBuiltInRouteDescriptorRegistry.cs"	"266"	"official_candidate"	"set_selection"	"com.unity.pipeline"	"pending_semantic_review"	"pending"	""	""	"Name/action match only; prove input, output, error, side-effect, transaction, lifecycle, and consumer parity."
"serialized-object/get"	"immediate"	"com.vm233.unity-mcp"	"3441d9e63486d51e3bdccf872cc1c5bcdd1ac23c"	"Editor/MCPBuiltInRouteDescriptorRegistry.cs"	"267"	"custom_cli_review"	"vm_serialized_object_get"	"com.vm233.unity-pipeline"	"pending_contract_migration"	"pending"	""	""	"Create a typed Pipeline command that calls the production owner directly; do not call the MCP dispatcher."
"serialized-object/set"	"immediate"	"com.vm233.unity-mcp"	"3441d9e63486d51e3bdccf872cc1c5bcdd1ac23c"	"Editor/MCPBuiltInRouteDescriptorRegistry.cs"	"268"	"custom_cli_review"	"vm_serialized_object_set"	"com.vm233.unity-pipeline"	"pending_contract_migration"	"pending"	""	""	"Create a typed Pipeline command that calls the production owner directly; do not call the MCP dispatcher."
"settings/physics"	"immediate"	"com.vm233.unity-mcp"	"3441d9e63486d51e3bdccf872cc1c5bcdd1ac23c"	"Editor/MCPBuiltInRouteDescriptorRegistry.cs"	"269"	"official_candidate"	"get_physics_settings"	"com.unity.pipeline"	"pending_semantic_review"	"pending"	""	""	"Name/action match only; prove input, output, error, side-effect, transaction, lifecycle, and consumer parity."
"settings/player"	"immediate"	"com.vm233.unity-mcp"	"3441d9e63486d51e3bdccf872cc1c5bcdd1ac23c"	"Editor/MCPBuiltInRouteDescriptorRegistry.cs"	"270"	"official_candidate"	"get_player_settings"	"com.unity.pipeline"	"pending_semantic_review"	"pending"	""	""	"Name/action match only; prove input, output, error, side-effect, transaction, lifecycle, and consumer parity."
"settings/quality"	"immediate"	"com.vm233.unity-mcp"	"3441d9e63486d51e3bdccf872cc1c5bcdd1ac23c"	"Editor/MCPBuiltInRouteDescriptorRegistry.cs"	"271"	"official_candidate"	"get_quality_settings"	"com.unity.pipeline"	"pending_semantic_review"	"pending"	""	""	"Name/action match only; prove input, output, error, side-effect, transaction, lifecycle, and consumer parity."
"settings/quality-level"	"immediate"	"com.vm233.unity-mcp"	"3441d9e63486d51e3bdccf872cc1c5bcdd1ac23c"	"Editor/MCPBuiltInRouteDescriptorRegistry.cs"	"272"	"custom_cli_review"	"vm_settings_quality_level"	"com.vm233.unity-pipeline"	"pending_contract_migration"	"pending"	""	""	"Create a typed Pipeline command that calls the production owner directly; do not call the MCP dispatcher."
"settings/render-pipeline"	"immediate"	"com.vm233.unity-mcp"	"3441d9e63486d51e3bdccf872cc1c5bcdd1ac23c"	"Editor/MCPBuiltInRouteDescriptorRegistry.cs"	"273"	"custom_cli_review"	"vm_settings_render_pipeline"	"com.vm233.unity-pipeline"	"pending_contract_migration"	"pending"	""	""	"Create a typed Pipeline command that calls the production owner directly; do not call the MCP dispatcher."
"settings/set-physics"	"immediate"	"com.vm233.unity-mcp"	"3441d9e63486d51e3bdccf872cc1c5bcdd1ac23c"	"Editor/MCPBuiltInRouteDescriptorRegistry.cs"	"274"	"official_candidate"	"set_physics_settings"	"com.unity.pipeline"	"pending_semantic_review"	"pending"	""	""	"Name/action match only; prove input, output, error, side-effect, transaction, lifecycle, and consumer parity."
"settings/set-player"	"immediate"	"com.vm233.unity-mcp"	"3441d9e63486d51e3bdccf872cc1c5bcdd1ac23c"	"Editor/MCPBuiltInRouteDescriptorRegistry.cs"	"275"	"official_candidate"	"set_player_settings"	"com.unity.pipeline"	"pending_semantic_review"	"pending"	""	""	"Name/action match only; prove input, output, error, side-effect, transaction, lifecycle, and consumer parity."
"settings/set-time"	"immediate"	"com.vm233.unity-mcp"	"3441d9e63486d51e3bdccf872cc1c5bcdd1ac23c"	"Editor/MCPBuiltInRouteDescriptorRegistry.cs"	"276"	"official_candidate"	"set_time_settings"	"com.unity.pipeline"	"pending_semantic_review"	"pending"	""	""	"Name/action match only; prove input, output, error, side-effect, transaction, lifecycle, and consumer parity."
"settings/time"	"immediate"	"com.vm233.unity-mcp"	"3441d9e63486d51e3bdccf872cc1c5bcdd1ac23c"	"Editor/MCPBuiltInRouteDescriptorRegistry.cs"	"277"	"official_candidate"	"get_time_settings"	"com.unity.pipeline"	"pending_semantic_review"	"pending"	""	""	"Name/action match only; prove input, output, error, side-effect, transaction, lifecycle, and consumer parity."
"shadergraph/add-node"	"immediate"	"com.vm233.unity-mcp"	"3441d9e63486d51e3bdccf872cc1c5bcdd1ac23c"	"Editor/MCPBuiltInRouteDescriptorRegistry.cs"	"278"	"custom_cli_review"	"vm_shadergraph_add_node"	"com.vm233.unity-pipeline"	"pending_contract_migration"	"pending"	""	""	"Create a typed Pipeline command that calls the production owner directly; do not call the MCP dispatcher."
"shadergraph/connect"	"immediate"	"com.vm233.unity-mcp"	"3441d9e63486d51e3bdccf872cc1c5bcdd1ac23c"	"Editor/MCPBuiltInRouteDescriptorRegistry.cs"	"279"	"custom_cli_review"	"vm_shadergraph_connect"	"com.vm233.unity-pipeline"	"pending_contract_migration"	"pending"	""	""	"Create a typed Pipeline command that calls the production owner directly; do not call the MCP dispatcher."
"shadergraph/create"	"immediate"	"com.vm233.unity-mcp"	"3441d9e63486d51e3bdccf872cc1c5bcdd1ac23c"	"Editor/MCPBuiltInRouteDescriptorRegistry.cs"	"280"	"custom_cli_review"	"vm_shadergraph_create"	"com.vm233.unity-pipeline"	"pending_contract_migration"	"pending"	""	""	"Create a typed Pipeline command that calls the production owner directly; do not call the MCP dispatcher."
"shadergraph/disconnect"	"immediate"	"com.vm233.unity-mcp"	"3441d9e63486d51e3bdccf872cc1c5bcdd1ac23c"	"Editor/MCPBuiltInRouteDescriptorRegistry.cs"	"281"	"custom_cli_review"	"vm_shadergraph_disconnect"	"com.vm233.unity-pipeline"	"pending_contract_migration"	"pending"	""	""	"Create a typed Pipeline command that calls the production owner directly; do not call the MCP dispatcher."
"shadergraph/get-edges"	"immediate"	"com.vm233.unity-mcp"	"3441d9e63486d51e3bdccf872cc1c5bcdd1ac23c"	"Editor/MCPBuiltInRouteDescriptorRegistry.cs"	"282"	"custom_cli_review"	"vm_shadergraph_get_edges"	"com.vm233.unity-pipeline"	"pending_contract_migration"	"pending"	""	""	"Create a typed Pipeline command that calls the production owner directly; do not call the MCP dispatcher."
"shadergraph/get-node-types"	"immediate"	"com.vm233.unity-mcp"	"3441d9e63486d51e3bdccf872cc1c5bcdd1ac23c"	"Editor/MCPBuiltInRouteDescriptorRegistry.cs"	"283"	"custom_cli_review"	"vm_shadergraph_get_node_types"	"com.vm233.unity-pipeline"	"pending_contract_migration"	"pending"	""	""	"Create a typed Pipeline command that calls the production owner directly; do not call the MCP dispatcher."
"shadergraph/get-nodes"	"immediate"	"com.vm233.unity-mcp"	"3441d9e63486d51e3bdccf872cc1c5bcdd1ac23c"	"Editor/MCPBuiltInRouteDescriptorRegistry.cs"	"284"	"custom_cli_review"	"vm_shadergraph_get_nodes"	"com.vm233.unity-pipeline"	"pending_contract_migration"	"pending"	""	""	"Create a typed Pipeline command that calls the production owner directly; do not call the MCP dispatcher."
"shadergraph/get-properties"	"immediate"	"com.vm233.unity-mcp"	"3441d9e63486d51e3bdccf872cc1c5bcdd1ac23c"	"Editor/MCPBuiltInRouteDescriptorRegistry.cs"	"285"	"custom_cli_review"	"vm_shadergraph_get_properties"	"com.vm233.unity-pipeline"	"pending_contract_migration"	"pending"	""	""	"Create a typed Pipeline command that calls the production owner directly; do not call the MCP dispatcher."
"shadergraph/info"	"immediate"	"com.vm233.unity-mcp"	"3441d9e63486d51e3bdccf872cc1c5bcdd1ac23c"	"Editor/MCPBuiltInRouteDescriptorRegistry.cs"	"286"	"custom_cli_review"	"vm_shadergraph_info"	"com.vm233.unity-pipeline"	"pending_contract_migration"	"pending"	""	""	"Create a typed Pipeline command that calls the production owner directly; do not call the MCP dispatcher."
"shadergraph/list"	"immediate"	"com.vm233.unity-mcp"	"3441d9e63486d51e3bdccf872cc1c5bcdd1ac23c"	"Editor/MCPBuiltInRouteDescriptorRegistry.cs"	"287"	"custom_cli_review"	"vm_shadergraph_list"	"com.vm233.unity-pipeline"	"pending_contract_migration"	"pending"	""	""	"Create a typed Pipeline command that calls the production owner directly; do not call the MCP dispatcher."
"shadergraph/list-shaders"	"immediate"	"com.vm233.unity-mcp"	"3441d9e63486d51e3bdccf872cc1c5bcdd1ac23c"	"Editor/MCPBuiltInRouteDescriptorRegistry.cs"	"288"	"custom_cli_review"	"vm_shadergraph_list_shaders"	"com.vm233.unity-pipeline"	"pending_contract_migration"	"pending"	""	""	"Create a typed Pipeline command that calls the production owner directly; do not call the MCP dispatcher."
"shadergraph/list-subgraphs"	"immediate"	"com.vm233.unity-mcp"	"3441d9e63486d51e3bdccf872cc1c5bcdd1ac23c"	"Editor/MCPBuiltInRouteDescriptorRegistry.cs"	"289"	"custom_cli_review"	"vm_shadergraph_list_subgraphs"	"com.vm233.unity-pipeline"	"pending_contract_migration"	"pending"	""	""	"Create a typed Pipeline command that calls the production owner directly; do not call the MCP dispatcher."
"shadergraph/list-vfx"	"immediate"	"com.vm233.unity-mcp"	"3441d9e63486d51e3bdccf872cc1c5bcdd1ac23c"	"Editor/MCPBuiltInRouteDescriptorRegistry.cs"	"290"	"custom_cli_review"	"vm_shadergraph_list_vfx"	"com.vm233.unity-pipeline"	"pending_contract_migration"	"pending"	""	""	"Create a typed Pipeline command that calls the production owner directly; do not call the MCP dispatcher."
"shadergraph/open"	"immediate"	"com.vm233.unity-mcp"	"3441d9e63486d51e3bdccf872cc1c5bcdd1ac23c"	"Editor/MCPBuiltInRouteDescriptorRegistry.cs"	"291"	"custom_cli_review"	"vm_shadergraph_open"	"com.vm233.unity-pipeline"	"pending_contract_migration"	"pending"	""	""	"Create a typed Pipeline command that calls the production owner directly; do not call the MCP dispatcher."
"shadergraph/open-vfx"	"immediate"	"com.vm233.unity-mcp"	"3441d9e63486d51e3bdccf872cc1c5bcdd1ac23c"	"Editor/MCPBuiltInRouteDescriptorRegistry.cs"	"292"	"custom_cli_review"	"vm_shadergraph_open_vfx"	"com.vm233.unity-pipeline"	"pending_contract_migration"	"pending"	""	""	"Create a typed Pipeline command that calls the production owner directly; do not call the MCP dispatcher."
"shadergraph/remove-node"	"immediate"	"com.vm233.unity-mcp"	"3441d9e63486d51e3bdccf872cc1c5bcdd1ac23c"	"Editor/MCPBuiltInRouteDescriptorRegistry.cs"	"293"	"custom_cli_review"	"vm_shadergraph_remove_node"	"com.vm233.unity-pipeline"	"pending_contract_migration"	"pending"	""	""	"Create a typed Pipeline command that calls the production owner directly; do not call the MCP dispatcher."
"shadergraph/set-node-property"	"immediate"	"com.vm233.unity-mcp"	"3441d9e63486d51e3bdccf872cc1c5bcdd1ac23c"	"Editor/MCPBuiltInRouteDescriptorRegistry.cs"	"294"	"custom_cli_review"	"vm_shadergraph_set_node_property"	"com.vm233.unity-pipeline"	"pending_contract_migration"	"pending"	""	""	"Create a typed Pipeline command that calls the production owner directly; do not call the MCP dispatcher."
"shadergraph/status"	"immediate"	"com.vm233.unity-mcp"	"3441d9e63486d51e3bdccf872cc1c5bcdd1ac23c"	"Editor/MCPBuiltInRouteDescriptorRegistry.cs"	"295"	"custom_cli_review"	"vm_shadergraph_status"	"com.vm233.unity-pipeline"	"pending_contract_migration"	"pending"	""	""	"Create a typed Pipeline command that calls the production owner directly; do not call the MCP dispatcher."
"sprite/pixel-check"	"immediate"	"com.vm233.unity-mcp"	"3441d9e63486d51e3bdccf872cc1c5bcdd1ac23c"	"Editor/MCPBuiltInRouteDescriptorRegistry.cs"	"296"	"custom_cli_review"	"vm_sprite_pixel_check"	"com.vm233.unity-pipeline"	"pending_contract_migration"	"pending"	""	""	"Create a typed Pipeline command that calls the production owner directly; do not call the MCP dispatcher."
"sprite/replace-and-slice"	"immediate"	"com.vm233.unity-mcp"	"3441d9e63486d51e3bdccf872cc1c5bcdd1ac23c"	"Editor/MCPBuiltInRouteDescriptorRegistry.cs"	"297"	"custom_cli_review"	"vm_sprite_replace_and_slice"	"com.vm233.unity-pipeline"	"pending_contract_migration"	"pending"	""	""	"Create a typed Pipeline command that calls the production owner directly; do not call the MCP dispatcher."
"sprite/replace-slice-update-clip"	"immediate"	"com.vm233.unity-mcp"	"3441d9e63486d51e3bdccf872cc1c5bcdd1ac23c"	"Editor/MCPBuiltInRouteDescriptorRegistry.cs"	"298"	"custom_cli_review"	"vm_sprite_replace_slice_update_clip"	"com.vm233.unity-pipeline"	"pending_contract_migration"	"pending"	""	""	"Create a typed Pipeline command that calls the production owner directly; do not call the MCP dispatcher."
"sprite/sheet-info"	"immediate"	"com.vm233.unity-mcp"	"3441d9e63486d51e3bdccf872cc1c5bcdd1ac23c"	"Editor/MCPBuiltInRouteDescriptorRegistry.cs"	"299"	"custom_cli_review"	"vm_sprite_sheet_info"	"com.vm233.unity-pipeline"	"pending_contract_migration"	"pending"	""	""	"Create a typed Pipeline command that calls the production owner directly; do not call the MCP dispatcher."
"sprite/slice-sheet"	"immediate"	"com.vm233.unity-mcp"	"3441d9e63486d51e3bdccf872cc1c5bcdd1ac23c"	"Editor/MCPBuiltInRouteDescriptorRegistry.cs"	"300"	"custom_cli_review"	"vm_sprite_slice_sheet"	"com.vm233.unity-pipeline"	"pending_contract_migration"	"pending"	""	""	"Create a typed Pipeline command that calls the production owner directly; do not call the MCP dispatcher."
"sprite/update-animation-clip"	"immediate"	"com.vm233.unity-mcp"	"3441d9e63486d51e3bdccf872cc1c5bcdd1ac23c"	"Editor/MCPBuiltInRouteDescriptorRegistry.cs"	"301"	"custom_cli_review"	"vm_sprite_update_animation_clip"	"com.vm233.unity-pipeline"	"pending_contract_migration"	"pending"	""	""	"Create a typed Pipeline command that calls the production owner directly; do not call the MCP dispatcher."
"spriteatlas/add"	"immediate"	"com.vm233.unity-mcp"	"3441d9e63486d51e3bdccf872cc1c5bcdd1ac23c"	"Editor/MCPBuiltInRouteDescriptorRegistry.cs"	"302"	"custom_cli_review"	"vm_spriteatlas_add"	"com.vm233.unity-pipeline"	"pending_contract_migration"	"pending"	""	""	"Create a typed Pipeline command that calls the production owner directly; do not call the MCP dispatcher."
"spriteatlas/create"	"immediate"	"com.vm233.unity-mcp"	"3441d9e63486d51e3bdccf872cc1c5bcdd1ac23c"	"Editor/MCPBuiltInRouteDescriptorRegistry.cs"	"303"	"custom_cli_review"	"vm_spriteatlas_create"	"com.vm233.unity-pipeline"	"pending_contract_migration"	"pending"	""	""	"Create a typed Pipeline command that calls the production owner directly; do not call the MCP dispatcher."
"spriteatlas/delete"	"immediate"	"com.vm233.unity-mcp"	"3441d9e63486d51e3bdccf872cc1c5bcdd1ac23c"	"Editor/MCPBuiltInRouteDescriptorRegistry.cs"	"304"	"custom_cli_review"	"vm_spriteatlas_delete"	"com.vm233.unity-pipeline"	"pending_contract_migration"	"pending"	""	""	"Create a typed Pipeline command that calls the production owner directly; do not call the MCP dispatcher."
"spriteatlas/info"	"immediate"	"com.vm233.unity-mcp"	"3441d9e63486d51e3bdccf872cc1c5bcdd1ac23c"	"Editor/MCPBuiltInRouteDescriptorRegistry.cs"	"305"	"custom_cli_review"	"vm_spriteatlas_info"	"com.vm233.unity-pipeline"	"pending_contract_migration"	"pending"	""	""	"Create a typed Pipeline command that calls the production owner directly; do not call the MCP dispatcher."
"spriteatlas/list"	"immediate"	"com.vm233.unity-mcp"	"3441d9e63486d51e3bdccf872cc1c5bcdd1ac23c"	"Editor/MCPBuiltInRouteDescriptorRegistry.cs"	"306"	"custom_cli_review"	"vm_spriteatlas_list"	"com.vm233.unity-pipeline"	"pending_contract_migration"	"pending"	""	""	"Create a typed Pipeline command that calls the production owner directly; do not call the MCP dispatcher."
"spriteatlas/remove"	"immediate"	"com.vm233.unity-mcp"	"3441d9e63486d51e3bdccf872cc1c5bcdd1ac23c"	"Editor/MCPBuiltInRouteDescriptorRegistry.cs"	"307"	"custom_cli_review"	"vm_spriteatlas_remove"	"com.vm233.unity-pipeline"	"pending_contract_migration"	"pending"	""	""	"Create a typed Pipeline command that calls the production owner directly; do not call the MCP dispatcher."
"spriteatlas/settings"	"immediate"	"com.vm233.unity-mcp"	"3441d9e63486d51e3bdccf872cc1c5bcdd1ac23c"	"Editor/MCPBuiltInRouteDescriptorRegistry.cs"	"308"	"custom_cli_review"	"vm_spriteatlas_settings"	"com.vm233.unity-pipeline"	"pending_contract_migration"	"pending"	""	""	"Create a typed Pipeline command that calls the production owner directly; do not call the MCP dispatcher."
"taglayer/add-tag"	"immediate"	"com.vm233.unity-mcp"	"3441d9e63486d51e3bdccf872cc1c5bcdd1ac23c"	"Editor/MCPBuiltInRouteDescriptorRegistry.cs"	"309"	"merge_candidate"	"get_tags_layers|set_tags_layers"	"official_and_or_vm_pipeline"	"pending_semantic_review"	"pending"	""	""	"Prove combined input, output, error, effect, lifecycle, and consumer equivalence before retiring the route."
"taglayer/info"	"immediate"	"com.vm233.unity-mcp"	"3441d9e63486d51e3bdccf872cc1c5bcdd1ac23c"	"Editor/MCPBuiltInRouteDescriptorRegistry.cs"	"310"	"merge_candidate"	"get_tags_layers"	"official_and_or_vm_pipeline"	"pending_semantic_review"	"pending"	""	""	"Prove combined input, output, error, effect, lifecycle, and consumer equivalence before retiring the route."
"taglayer/set-layer"	"immediate"	"com.vm233.unity-mcp"	"3441d9e63486d51e3bdccf872cc1c5bcdd1ac23c"	"Editor/MCPBuiltInRouteDescriptorRegistry.cs"	"311"	"merge_candidate"	"set_layer|set_tags_layers"	"official_and_or_vm_pipeline"	"pending_semantic_review"	"pending"	""	""	"Prove combined input, output, error, effect, lifecycle, and consumer equivalence before retiring the route."
"taglayer/set-static"	"immediate"	"com.vm233.unity-mcp"	"3441d9e63486d51e3bdccf872cc1c5bcdd1ac23c"	"Editor/MCPBuiltInRouteDescriptorRegistry.cs"	"312"	"merge_candidate"	"set_component_properties"	"official_and_or_vm_pipeline"	"pending_semantic_review"	"pending"	""	""	"Prove combined input, output, error, effect, lifecycle, and consumer equivalence before retiring the route."
"taglayer/set-tag"	"immediate"	"com.vm233.unity-mcp"	"3441d9e63486d51e3bdccf872cc1c5bcdd1ac23c"	"Editor/MCPBuiltInRouteDescriptorRegistry.cs"	"313"	"merge_candidate"	"set_tag|set_tags_layers"	"official_and_or_vm_pipeline"	"pending_semantic_review"	"pending"	""	""	"Prove combined input, output, error, effect, lifecycle, and consumer equivalence before retiring the route."
"terrain/add-detail-prototype"	"immediate"	"com.vm233.unity-mcp"	"3441d9e63486d51e3bdccf872cc1c5bcdd1ac23c"	"Editor/MCPBuiltInRouteDescriptorRegistry.cs"	"314"	"custom_cli_review"	"vm_terrain_add_detail_prototype"	"com.vm233.unity-pipeline"	"pending_contract_migration"	"pending"	""	""	"Create a typed Pipeline command that calls the production owner directly; do not call the MCP dispatcher."
"terrain/add-layer"	"immediate"	"com.vm233.unity-mcp"	"3441d9e63486d51e3bdccf872cc1c5bcdd1ac23c"	"Editor/MCPBuiltInRouteDescriptorRegistry.cs"	"315"	"custom_cli_review"	"vm_terrain_add_layer"	"com.vm233.unity-pipeline"	"pending_contract_migration"	"pending"	""	""	"Create a typed Pipeline command that calls the production owner directly; do not call the MCP dispatcher."
"terrain/add-tree-prototype"	"immediate"	"com.vm233.unity-mcp"	"3441d9e63486d51e3bdccf872cc1c5bcdd1ac23c"	"Editor/MCPBuiltInRouteDescriptorRegistry.cs"	"316"	"custom_cli_review"	"vm_terrain_add_tree_prototype"	"com.vm233.unity-pipeline"	"pending_contract_migration"	"pending"	""	""	"Create a typed Pipeline command that calls the production owner directly; do not call the MCP dispatcher."
"terrain/clear-detail"	"immediate"	"com.vm233.unity-mcp"	"3441d9e63486d51e3bdccf872cc1c5bcdd1ac23c"	"Editor/MCPBuiltInRouteDescriptorRegistry.cs"	"317"	"custom_cli_review"	"vm_terrain_clear_detail"	"com.vm233.unity-pipeline"	"pending_contract_migration"	"pending"	""	""	"Create a typed Pipeline command that calls the production owner directly; do not call the MCP dispatcher."
"terrain/clear-trees"	"immediate"	"com.vm233.unity-mcp"	"3441d9e63486d51e3bdccf872cc1c5bcdd1ac23c"	"Editor/MCPBuiltInRouteDescriptorRegistry.cs"	"318"	"custom_cli_review"	"vm_terrain_clear_trees"	"com.vm233.unity-pipeline"	"pending_contract_migration"	"pending"	""	""	"Create a typed Pipeline command that calls the production owner directly; do not call the MCP dispatcher."
"terrain/create"	"immediate"	"com.vm233.unity-mcp"	"3441d9e63486d51e3bdccf872cc1c5bcdd1ac23c"	"Editor/MCPBuiltInRouteDescriptorRegistry.cs"	"319"	"custom_cli_review"	"vm_terrain_create"	"com.vm233.unity-pipeline"	"pending_contract_migration"	"pending"	""	""	"Create a typed Pipeline command that calls the production owner directly; do not call the MCP dispatcher."
"terrain/create-grid"	"immediate"	"com.vm233.unity-mcp"	"3441d9e63486d51e3bdccf872cc1c5bcdd1ac23c"	"Editor/MCPBuiltInRouteDescriptorRegistry.cs"	"320"	"custom_cli_review"	"vm_terrain_create_grid"	"com.vm233.unity-pipeline"	"pending_contract_migration"	"pending"	""	""	"Create a typed Pipeline command that calls the production owner directly; do not call the MCP dispatcher."
"terrain/export-heightmap"	"immediate"	"com.vm233.unity-mcp"	"3441d9e63486d51e3bdccf872cc1c5bcdd1ac23c"	"Editor/MCPBuiltInRouteDescriptorRegistry.cs"	"321"	"custom_cli_review"	"vm_terrain_export_heightmap"	"com.vm233.unity-pipeline"	"pending_contract_migration"	"pending"	""	""	"Create a typed Pipeline command that calls the production owner directly; do not call the MCP dispatcher."
"terrain/fill-layer"	"immediate"	"com.vm233.unity-mcp"	"3441d9e63486d51e3bdccf872cc1c5bcdd1ac23c"	"Editor/MCPBuiltInRouteDescriptorRegistry.cs"	"322"	"custom_cli_review"	"vm_terrain_fill_layer"	"com.vm233.unity-pipeline"	"pending_contract_migration"	"pending"	""	""	"Create a typed Pipeline command that calls the production owner directly; do not call the MCP dispatcher."
"terrain/flatten"	"immediate"	"com.vm233.unity-mcp"	"3441d9e63486d51e3bdccf872cc1c5bcdd1ac23c"	"Editor/MCPBuiltInRouteDescriptorRegistry.cs"	"323"	"custom_cli_review"	"vm_terrain_flatten"	"com.vm233.unity-pipeline"	"pending_contract_migration"	"pending"	""	""	"Create a typed Pipeline command that calls the production owner directly; do not call the MCP dispatcher."
"terrain/get-height"	"immediate"	"com.vm233.unity-mcp"	"3441d9e63486d51e3bdccf872cc1c5bcdd1ac23c"	"Editor/MCPBuiltInRouteDescriptorRegistry.cs"	"324"	"custom_cli_review"	"vm_terrain_get_height"	"com.vm233.unity-pipeline"	"pending_contract_migration"	"pending"	""	""	"Create a typed Pipeline command that calls the production owner directly; do not call the MCP dispatcher."
"terrain/get-heights-region"	"immediate"	"com.vm233.unity-mcp"	"3441d9e63486d51e3bdccf872cc1c5bcdd1ac23c"	"Editor/MCPBuiltInRouteDescriptorRegistry.cs"	"325"	"custom_cli_review"	"vm_terrain_get_heights_region"	"com.vm233.unity-pipeline"	"pending_contract_migration"	"pending"	""	""	"Create a typed Pipeline command that calls the production owner directly; do not call the MCP dispatcher."
"terrain/get-steepness"	"immediate"	"com.vm233.unity-mcp"	"3441d9e63486d51e3bdccf872cc1c5bcdd1ac23c"	"Editor/MCPBuiltInRouteDescriptorRegistry.cs"	"326"	"custom_cli_review"	"vm_terrain_get_steepness"	"com.vm233.unity-pipeline"	"pending_contract_migration"	"pending"	""	""	"Create a typed Pipeline command that calls the production owner directly; do not call the MCP dispatcher."
"terrain/get-tree-instances"	"immediate"	"com.vm233.unity-mcp"	"3441d9e63486d51e3bdccf872cc1c5bcdd1ac23c"	"Editor/MCPBuiltInRouteDescriptorRegistry.cs"	"327"	"custom_cli_review"	"vm_terrain_get_tree_instances"	"com.vm233.unity-pipeline"	"pending_contract_migration"	"pending"	""	""	"Create a typed Pipeline command that calls the production owner directly; do not call the MCP dispatcher."
"terrain/import-heightmap"	"immediate"	"com.vm233.unity-mcp"	"3441d9e63486d51e3bdccf872cc1c5bcdd1ac23c"	"Editor/MCPBuiltInRouteDescriptorRegistry.cs"	"328"	"custom_cli_review"	"vm_terrain_import_heightmap"	"com.vm233.unity-pipeline"	"pending_contract_migration"	"pending"	""	""	"Create a typed Pipeline command that calls the production owner directly; do not call the MCP dispatcher."
"terrain/info"	"immediate"	"com.vm233.unity-mcp"	"3441d9e63486d51e3bdccf872cc1c5bcdd1ac23c"	"Editor/MCPBuiltInRouteDescriptorRegistry.cs"	"329"	"custom_cli_review"	"vm_terrain_info"	"com.vm233.unity-pipeline"	"pending_contract_migration"	"pending"	""	""	"Create a typed Pipeline command that calls the production owner directly; do not call the MCP dispatcher."
"terrain/list"	"immediate"	"com.vm233.unity-mcp"	"3441d9e63486d51e3bdccf872cc1c5bcdd1ac23c"	"Editor/MCPBuiltInRouteDescriptorRegistry.cs"	"330"	"custom_cli_review"	"vm_terrain_list"	"com.vm233.unity-pipeline"	"pending_contract_migration"	"pending"	""	""	"Create a typed Pipeline command that calls the production owner directly; do not call the MCP dispatcher."
"terrain/noise"	"immediate"	"com.vm233.unity-mcp"	"3441d9e63486d51e3bdccf872cc1c5bcdd1ac23c"	"Editor/MCPBuiltInRouteDescriptorRegistry.cs"	"331"	"custom_cli_review"	"vm_terrain_noise"	"com.vm233.unity-pipeline"	"pending_contract_migration"	"pending"	""	""	"Create a typed Pipeline command that calls the production owner directly; do not call the MCP dispatcher."
"terrain/paint-detail"	"immediate"	"com.vm233.unity-mcp"	"3441d9e63486d51e3bdccf872cc1c5bcdd1ac23c"	"Editor/MCPBuiltInRouteDescriptorRegistry.cs"	"332"	"custom_cli_review"	"vm_terrain_paint_detail"	"com.vm233.unity-pipeline"	"pending_contract_migration"	"pending"	""	""	"Create a typed Pipeline command that calls the production owner directly; do not call the MCP dispatcher."
"terrain/paint-layer"	"immediate"	"com.vm233.unity-mcp"	"3441d9e63486d51e3bdccf872cc1c5bcdd1ac23c"	"Editor/MCPBuiltInRouteDescriptorRegistry.cs"	"333"	"custom_cli_review"	"vm_terrain_paint_layer"	"com.vm233.unity-pipeline"	"pending_contract_migration"	"pending"	""	""	"Create a typed Pipeline command that calls the production owner directly; do not call the MCP dispatcher."
"terrain/place-trees"	"immediate"	"com.vm233.unity-mcp"	"3441d9e63486d51e3bdccf872cc1c5bcdd1ac23c"	"Editor/MCPBuiltInRouteDescriptorRegistry.cs"	"334"	"custom_cli_review"	"vm_terrain_place_trees"	"com.vm233.unity-pipeline"	"pending_contract_migration"	"pending"	""	""	"Create a typed Pipeline command that calls the production owner directly; do not call the MCP dispatcher."
"terrain/raise-lower"	"immediate"	"com.vm233.unity-mcp"	"3441d9e63486d51e3bdccf872cc1c5bcdd1ac23c"	"Editor/MCPBuiltInRouteDescriptorRegistry.cs"	"335"	"custom_cli_review"	"vm_terrain_raise_lower"	"com.vm233.unity-pipeline"	"pending_contract_migration"	"pending"	""	""	"Create a typed Pipeline command that calls the production owner directly; do not call the MCP dispatcher."
"terrain/remove-layer"	"immediate"	"com.vm233.unity-mcp"	"3441d9e63486d51e3bdccf872cc1c5bcdd1ac23c"	"Editor/MCPBuiltInRouteDescriptorRegistry.cs"	"336"	"custom_cli_review"	"vm_terrain_remove_layer"	"com.vm233.unity-pipeline"	"pending_contract_migration"	"pending"	""	""	"Create a typed Pipeline command that calls the production owner directly; do not call the MCP dispatcher."
"terrain/remove-tree-prototype"	"immediate"	"com.vm233.unity-mcp"	"3441d9e63486d51e3bdccf872cc1c5bcdd1ac23c"	"Editor/MCPBuiltInRouteDescriptorRegistry.cs"	"337"	"custom_cli_review"	"vm_terrain_remove_tree_prototype"	"com.vm233.unity-pipeline"	"pending_contract_migration"	"pending"	""	""	"Create a typed Pipeline command that calls the production owner directly; do not call the MCP dispatcher."
"terrain/resize"	"immediate"	"com.vm233.unity-mcp"	"3441d9e63486d51e3bdccf872cc1c5bcdd1ac23c"	"Editor/MCPBuiltInRouteDescriptorRegistry.cs"	"338"	"custom_cli_review"	"vm_terrain_resize"	"com.vm233.unity-pipeline"	"pending_contract_migration"	"pending"	""	""	"Create a typed Pipeline command that calls the production owner directly; do not call the MCP dispatcher."
"terrain/scatter-detail"	"immediate"	"com.vm233.unity-mcp"	"3441d9e63486d51e3bdccf872cc1c5bcdd1ac23c"	"Editor/MCPBuiltInRouteDescriptorRegistry.cs"	"339"	"custom_cli_review"	"vm_terrain_scatter_detail"	"com.vm233.unity-pipeline"	"pending_contract_migration"	"pending"	""	""	"Create a typed Pipeline command that calls the production owner directly; do not call the MCP dispatcher."
"terrain/set-height"	"immediate"	"com.vm233.unity-mcp"	"3441d9e63486d51e3bdccf872cc1c5bcdd1ac23c"	"Editor/MCPBuiltInRouteDescriptorRegistry.cs"	"340"	"custom_cli_review"	"vm_terrain_set_height"	"com.vm233.unity-pipeline"	"pending_contract_migration"	"pending"	""	""	"Create a typed Pipeline command that calls the production owner directly; do not call the MCP dispatcher."
"terrain/set-heights-region"	"immediate"	"com.vm233.unity-mcp"	"3441d9e63486d51e3bdccf872cc1c5bcdd1ac23c"	"Editor/MCPBuiltInRouteDescriptorRegistry.cs"	"341"	"custom_cli_review"	"vm_terrain_set_heights_region"	"com.vm233.unity-pipeline"	"pending_contract_migration"	"pending"	""	""	"Create a typed Pipeline command that calls the production owner directly; do not call the MCP dispatcher."
"terrain/set-holes"	"immediate"	"com.vm233.unity-mcp"	"3441d9e63486d51e3bdccf872cc1c5bcdd1ac23c"	"Editor/MCPBuiltInRouteDescriptorRegistry.cs"	"342"	"custom_cli_review"	"vm_terrain_set_holes"	"com.vm233.unity-pipeline"	"pending_contract_migration"	"pending"	""	""	"Create a typed Pipeline command that calls the production owner directly; do not call the MCP dispatcher."
"terrain/set-neighbors"	"immediate"	"com.vm233.unity-mcp"	"3441d9e63486d51e3bdccf872cc1c5bcdd1ac23c"	"Editor/MCPBuiltInRouteDescriptorRegistry.cs"	"343"	"custom_cli_review"	"vm_terrain_set_neighbors"	"com.vm233.unity-pipeline"	"pending_contract_migration"	"pending"	""	""	"Create a typed Pipeline command that calls the production owner directly; do not call the MCP dispatcher."
"terrain/set-settings"	"immediate"	"com.vm233.unity-mcp"	"3441d9e63486d51e3bdccf872cc1c5bcdd1ac23c"	"Editor/MCPBuiltInRouteDescriptorRegistry.cs"	"344"	"custom_cli_review"	"vm_terrain_set_settings"	"com.vm233.unity-pipeline"	"pending_contract_migration"	"pending"	""	""	"Create a typed Pipeline command that calls the production owner directly; do not call the MCP dispatcher."
"terrain/smooth"	"immediate"	"com.vm233.unity-mcp"	"3441d9e63486d51e3bdccf872cc1c5bcdd1ac23c"	"Editor/MCPBuiltInRouteDescriptorRegistry.cs"	"345"	"custom_cli_review"	"vm_terrain_smooth"	"com.vm233.unity-pipeline"	"pending_contract_migration"	"pending"	""	""	"Create a typed Pipeline command that calls the production owner directly; do not call the MCP dispatcher."
"testing/get-job"	"immediate"	"com.vm233.unity-mcp"	"3441d9e63486d51e3bdccf872cc1c5bcdd1ac23c"	"Editor/MCPBuiltInRouteDescriptorRegistry.cs"	"346"	"official_candidate"	"test_status"	"com.unity.pipeline"	"pending_semantic_review"	"pending"	""	""	"Name/action match only; prove input, output, error, side-effect, transaction, lifecycle, and consumer parity."
"testing/get-package-job"	"immediate"	"com.vm233.unity-mcp"	"3441d9e63486d51e3bdccf872cc1c5bcdd1ac23c"	"Editor/MCPBuiltInRouteDescriptorRegistry.cs"	"347"	"merge_candidate"	"test_status"	"official_and_or_vm_pipeline"	"pending_semantic_review"	"pending"	""	""	"Prove combined input, output, error, effect, lifecycle, and consumer equivalence before retiring the route."
"testing/list-tests"	"deferred"	"com.vm233.unity-mcp"	"3441d9e63486d51e3bdccf872cc1c5bcdd1ac23c"	"Editor/MCPBuiltInRouteDescriptorRegistry.cs"	"348"	"official_candidate"	"list_tests"	"com.unity.pipeline"	"pending_semantic_review"	"pending"	""	""	"Name/action match only; prove input, output, error, side-effect, transaction, lifecycle, and consumer parity."
"testing/run-package-tests"	"immediate"	"com.vm233.unity-mcp"	"3441d9e63486d51e3bdccf872cc1c5bcdd1ac23c"	"Editor/MCPBuiltInRouteDescriptorRegistry.cs"	"349"	"merge_candidate"	"run_tests"	"official_and_or_vm_pipeline"	"pending_semantic_review"	"pending"	""	""	"Prove combined input, output, error, effect, lifecycle, and consumer equivalence before retiring the route."
"testing/run-tests"	"immediate"	"com.vm233.unity-mcp"	"3441d9e63486d51e3bdccf872cc1c5bcdd1ac23c"	"Editor/MCPBuiltInRouteDescriptorRegistry.cs"	"350"	"official_candidate"	"run_tests"	"com.unity.pipeline"	"pending_semantic_review"	"pending"	""	""	"Name/action match only; prove input, output, error, side-effect, transaction, lifecycle, and consumer parity."
"textcore/sprite-asset/upsert-images"	"immediate"	"com.vm233.unity-mcp"	"3441d9e63486d51e3bdccf872cc1c5bcdd1ac23c"	"Editor/MCPBuiltInRouteDescriptorRegistry.cs"	"351"	"custom_cli_review"	"vm_textcore_sprite_asset_upsert_images"	"com.vm233.unity-pipeline"	"pending_contract_migration"	"pending"	""	""	"Create a typed Pipeline command that calls the production owner directly; do not call the MCP dispatcher."
"textmeshpro/font-asset/upsert-bitmap-glyphs"	"immediate"	"com.vm233.unity-mcp"	"3441d9e63486d51e3bdccf872cc1c5bcdd1ac23c"	"Editor/MCPBuiltInRouteDescriptorRegistry.cs"	"352"	"custom_cli_review"	"vm_textmeshpro_font_asset_upsert_bitmap_glyphs"	"com.vm233.unity-pipeline"	"pending_contract_migration"	"pending"	""	""	"Create a typed Pipeline command that calls the production owner directly; do not call the MCP dispatcher."
"texture/apply-sprite-preset"	"immediate"	"com.vm233.unity-mcp"	"3441d9e63486d51e3bdccf872cc1c5bcdd1ac23c"	"Editor/MCPBuiltInRouteDescriptorRegistry.cs"	"353"	"custom_cli_review"	"vm_texture_apply_sprite_preset"	"com.vm233.unity-pipeline"	"pending_contract_migration"	"pending"	""	""	"Create a typed Pipeline command that calls the production owner directly; do not call the MCP dispatcher."
"texture/check-import-settings"	"immediate"	"com.vm233.unity-mcp"	"3441d9e63486d51e3bdccf872cc1c5bcdd1ac23c"	"Editor/MCPBuiltInRouteDescriptorRegistry.cs"	"354"	"custom_cli_review"	"vm_texture_check_import_settings"	"com.vm233.unity-pipeline"	"pending_contract_migration"	"pending"	""	""	"Create a typed Pipeline command that calls the production owner directly; do not call the MCP dispatcher."
"texture/check-ui-import-settings"	"immediate"	"com.vm233.unity-mcp"	"3441d9e63486d51e3bdccf872cc1c5bcdd1ac23c"	"Editor/MCPBuiltInRouteDescriptorRegistry.cs"	"355"	"custom_cli_review"	"vm_texture_check_ui_import_settings"	"com.vm233.unity-pipeline"	"pending_contract_migration"	"pending"	""	""	"Create a typed Pipeline command that calls the production owner directly; do not call the MCP dispatcher."
"texture/find-duplicates"	"immediate"	"com.vm233.unity-mcp"	"3441d9e63486d51e3bdccf872cc1c5bcdd1ac23c"	"Editor/MCPBuiltInRouteDescriptorRegistry.cs"	"356"	"custom_cli_review"	"vm_texture_find_duplicates"	"com.vm233.unity-pipeline"	"pending_contract_migration"	"pending"	""	""	"Create a typed Pipeline command that calls the production owner directly; do not call the MCP dispatcher."
"texture/import-image"	"immediate"	"com.vm233.unity-mcp"	"3441d9e63486d51e3bdccf872cc1c5bcdd1ac23c"	"Editor/MCPBuiltInRouteDescriptorRegistry.cs"	"357"	"custom_cli_review"	"vm_texture_import_image"	"com.vm233.unity-pipeline"	"pending_contract_migration"	"pending"	""	""	"Create a typed Pipeline command that calls the production owner directly; do not call the MCP dispatcher."
"texture/info"	"immediate"	"com.vm233.unity-mcp"	"3441d9e63486d51e3bdccf872cc1c5bcdd1ac23c"	"Editor/MCPBuiltInRouteDescriptorRegistry.cs"	"358"	"custom_cli_review"	"vm_texture_info"	"com.vm233.unity-pipeline"	"pending_contract_migration"	"pending"	""	""	"Create a typed Pipeline command that calls the production owner directly; do not call the MCP dispatcher."
"texture/reimport"	"immediate"	"com.vm233.unity-mcp"	"3441d9e63486d51e3bdccf872cc1c5bcdd1ac23c"	"Editor/MCPBuiltInRouteDescriptorRegistry.cs"	"359"	"custom_cli_review"	"vm_texture_reimport"	"com.vm233.unity-pipeline"	"pending_contract_migration"	"pending"	""	""	"Create a typed Pipeline command that calls the production owner directly; do not call the MCP dispatcher."
"texture/set-import"	"immediate"	"com.vm233.unity-mcp"	"3441d9e63486d51e3bdccf872cc1c5bcdd1ac23c"	"Editor/MCPBuiltInRouteDescriptorRegistry.cs"	"360"	"custom_cli_review"	"vm_texture_set_import"	"com.vm233.unity-pipeline"	"pending_contract_migration"	"pending"	""	""	"Create a typed Pipeline command that calls the production owner directly; do not call the MCP dispatcher."
"timeline/info"	"immediate"	"com.vm233.unity-mcp"	"3441d9e63486d51e3bdccf872cc1c5bcdd1ac23c"	"Editor/MCPBuiltInRouteDescriptorRegistry.cs"	"361"	"merge_candidate"	"get_timeline"	"official_and_or_vm_pipeline"	"pending_semantic_review"	"pending"	""	""	"Prove combined input, output, error, effect, lifecycle, and consumer equivalence before retiring the route."
"timeline/transaction"	"immediate"	"com.vm233.unity-mcp"	"3441d9e63486d51e3bdccf872cc1c5bcdd1ac23c"	"Editor/MCPBuiltInRouteDescriptorRegistry.cs"	"362"	"merge_candidate"	"create_timeline|add_timeline_track|add_timeline_clip"	"official_and_or_vm_pipeline"	"pending_semantic_review"	"pending"	""	""	"Prove combined input, output, error, effect, lifecycle, and consumer equivalence before retiring the route."
"ui/create-canvas"	"immediate"	"com.vm233.unity-mcp"	"3441d9e63486d51e3bdccf872cc1c5bcdd1ac23c"	"Editor/MCPBuiltInRouteDescriptorRegistry.cs"	"363"	"custom_cli_review"	"vm_ui_create_canvas"	"com.vm233.unity-pipeline"	"pending_contract_migration"	"pending"	""	""	"Create a typed Pipeline command that calls the production owner directly; do not call the MCP dispatcher."
"ui/create-element"	"immediate"	"com.vm233.unity-mcp"	"3441d9e63486d51e3bdccf872cc1c5bcdd1ac23c"	"Editor/MCPBuiltInRouteDescriptorRegistry.cs"	"364"	"custom_cli_review"	"vm_ui_create_element"	"com.vm233.unity-pipeline"	"pending_contract_migration"	"pending"	""	""	"Create a typed Pipeline command that calls the production owner directly; do not call the MCP dispatcher."
"ui/info"	"immediate"	"com.vm233.unity-mcp"	"3441d9e63486d51e3bdccf872cc1c5bcdd1ac23c"	"Editor/MCPBuiltInRouteDescriptorRegistry.cs"	"365"	"custom_cli_review"	"vm_ui_info"	"com.vm233.unity-pipeline"	"pending_contract_migration"	"pending"	""	""	"Create a typed Pipeline command that calls the production owner directly; do not call the MCP dispatcher."
"ui/set-image"	"immediate"	"com.vm233.unity-mcp"	"3441d9e63486d51e3bdccf872cc1c5bcdd1ac23c"	"Editor/MCPBuiltInRouteDescriptorRegistry.cs"	"366"	"custom_cli_review"	"vm_ui_set_image"	"com.vm233.unity-pipeline"	"pending_contract_migration"	"pending"	""	""	"Create a typed Pipeline command that calls the production owner directly; do not call the MCP dispatcher."
"ui/set-text"	"immediate"	"com.vm233.unity-mcp"	"3441d9e63486d51e3bdccf872cc1c5bcdd1ac23c"	"Editor/MCPBuiltInRouteDescriptorRegistry.cs"	"367"	"custom_cli_review"	"vm_ui_set_text"	"com.vm233.unity-pipeline"	"pending_contract_migration"	"pending"	""	""	"Create a typed Pipeline command that calls the production owner directly; do not call the MCP dispatcher."
"uitoolkit/assert-layout"	"immediate"	"com.vm233.unity-mcp"	"3441d9e63486d51e3bdccf872cc1c5bcdd1ac23c"	"Editor/MCPBuiltInRouteDescriptorRegistry.cs"	"368"	"custom_cli_review"	"vm_uitoolkit_assert_layout"	"com.vm233.unity-pipeline"	"pending_contract_migration"	"pending"	""	""	"Create a typed Pipeline command that calls the production owner directly; do not call the MCP dispatcher."
"uitoolkit/asset-inspect"	"immediate"	"com.vm233.unity-mcp"	"3441d9e63486d51e3bdccf872cc1c5bcdd1ac23c"	"Editor/MCPBuiltInRouteDescriptorRegistry.cs"	"369"	"custom_cli_review"	"vm_uitoolkit_asset_inspect"	"com.vm233.unity-pipeline"	"pending_contract_migration"	"pending"	""	""	"Create a typed Pipeline command that calls the production owner directly; do not call the MCP dispatcher."
"uitoolkit/audit-uss-styles"	"immediate"	"com.vm233.unity-mcp"	"3441d9e63486d51e3bdccf872cc1c5bcdd1ac23c"	"Editor/MCPBuiltInRouteDescriptorRegistry.cs"	"370"	"custom_cli_review"	"vm_uitoolkit_audit_uss_styles"	"com.vm233.unity-pipeline"	"pending_contract_migration"	"pending"	""	""	"Create a typed Pipeline command that calls the production owner directly; do not call the MCP dispatcher."
"uitoolkit/audit-uxml-layout"	"immediate"	"com.vm233.unity-mcp"	"3441d9e63486d51e3bdccf872cc1c5bcdd1ac23c"	"Editor/MCPBuiltInRouteDescriptorRegistry.cs"	"371"	"custom_cli_review"	"vm_uitoolkit_audit_uxml_layout"	"com.vm233.unity-pipeline"	"pending_contract_migration"	"pending"	""	""	"Create a typed Pipeline command that calls the production owner directly; do not call the MCP dispatcher."
"uitoolkit/authoring-transaction"	"immediate"	"com.vm233.unity-mcp"	"3441d9e63486d51e3bdccf872cc1c5bcdd1ac23c"	"Editor/MCPBuiltInRouteDescriptorRegistry.cs"	"372"	"custom_cli_review"	"vm_uitoolkit_authoring_transaction"	"com.vm233.unity-pipeline"	"pending_contract_migration"	"pending"	""	""	"Create a typed Pipeline command that calls the production owner directly; do not call the MCP dispatcher."
"uitoolkit/builder-preview"	"deferred"	"com.vm233.unity-mcp"	"3441d9e63486d51e3bdccf872cc1c5bcdd1ac23c"	"Editor/MCPBuiltInRouteDescriptorRegistry.cs"	"373"	"custom_cli_review"	"vm_uitoolkit_builder_preview"	"com.vm233.unity-pipeline"	"pending_contract_migration"	"pending"	""	""	"Create a typed Pipeline command that calls the production owner directly; do not call the MCP dispatcher."
"uitoolkit/capture-element"	"immediate"	"com.vm233.unity-mcp"	"3441d9e63486d51e3bdccf872cc1c5bcdd1ac23c"	"Editor/MCPBuiltInRouteDescriptorRegistry.cs"	"375"	"custom_cli_review"	"vm_uitoolkit_capture_element"	"com.vm233.unity-pipeline"	"pending_contract_migration"	"pending"	""	""	"Create a typed Pipeline command that calls the production owner directly; do not call the MCP dispatcher."
"uitoolkit/compare-element"	"immediate"	"com.vm233.unity-mcp"	"3441d9e63486d51e3bdccf872cc1c5bcdd1ac23c"	"Editor/MCPBuiltInRouteDescriptorRegistry.cs"	"376"	"custom_cli_review"	"vm_uitoolkit_compare_element"	"com.vm233.unity-pipeline"	"pending_contract_migration"	"pending"	""	""	"Create a typed Pipeline command that calls the production owner directly; do not call the MCP dispatcher."
"uitoolkit/diagnose-runtime"	"immediate"	"com.vm233.unity-mcp"	"3441d9e63486d51e3bdccf872cc1c5bcdd1ac23c"	"Editor/MCPBuiltInRouteDescriptorRegistry.cs"	"377"	"custom_cli_review"	"vm_uitoolkit_diagnose_runtime"	"com.vm233.unity-pipeline"	"pending_contract_migration"	"pending"	""	""	"Create a typed Pipeline command that calls the production owner directly; do not call the MCP dispatcher."
"uitoolkit/edit-uss"	"immediate"	"com.vm233.unity-mcp"	"3441d9e63486d51e3bdccf872cc1c5bcdd1ac23c"	"Editor/MCPBuiltInRouteDescriptorRegistry.cs"	"378"	"custom_cli_review"	"vm_uitoolkit_edit_uss"	"com.vm233.unity-pipeline"	"pending_contract_migration"	"pending"	""	""	"Create a typed Pipeline command that calls the production owner directly; do not call the MCP dispatcher."
"uitoolkit/edit-uxml"	"immediate"	"com.vm233.unity-mcp"	"3441d9e63486d51e3bdccf872cc1c5bcdd1ac23c"	"Editor/MCPBuiltInRouteDescriptorRegistry.cs"	"379"	"custom_cli_review"	"vm_uitoolkit_edit_uxml"	"com.vm233.unity-pipeline"	"pending_contract_migration"	"pending"	""	""	"Create a typed Pipeline command that calls the production owner directly; do not call the MCP dispatcher."
"uitoolkit/generated-children"	"immediate"	"com.vm233.unity-mcp"	"3441d9e63486d51e3bdccf872cc1c5bcdd1ac23c"	"Editor/MCPBuiltInRouteDescriptorRegistry.cs"	"380"	"custom_cli_review"	"vm_uitoolkit_generated_children"	"com.vm233.unity-pipeline"	"pending_contract_migration"	"pending"	""	""	"Create a typed Pipeline command that calls the production owner directly; do not call the MCP dispatcher."
"uitoolkit/locate-element"	"immediate"	"com.vm233.unity-mcp"	"3441d9e63486d51e3bdccf872cc1c5bcdd1ac23c"	"Editor/MCPBuiltInRouteDescriptorRegistry.cs"	"381"	"custom_cli_review"	"vm_uitoolkit_locate_element"	"com.vm233.unity-pipeline"	"pending_contract_migration"	"pending"	""	""	"Create a typed Pipeline command that calls the production owner directly; do not call the MCP dispatcher."
"uitoolkit/query"	"immediate"	"com.vm233.unity-mcp"	"3441d9e63486d51e3bdccf872cc1c5bcdd1ac23c"	"Editor/MCPBuiltInRouteDescriptorRegistry.cs"	"382"	"custom_cli_review"	"vm_uitoolkit_query"	"com.vm233.unity-pipeline"	"pending_contract_migration"	"pending"	""	""	"Create a typed Pipeline command that calls the production owner directly; do not call the MCP dispatcher."
"uitoolkit/refresh"	"deferred"	"com.vm233.unity-mcp"	"3441d9e63486d51e3bdccf872cc1c5bcdd1ac23c"	"Editor/MCPBuiltInRouteDescriptorRegistry.cs"	"383"	"custom_cli_review"	"vm_uitoolkit_refresh"	"com.vm233.unity-pipeline"	"pending_contract_migration"	"pending"	""	""	"Create a typed Pipeline command that calls the production owner directly; do not call the MCP dispatcher."
"uitoolkit/repaint"	"immediate"	"com.vm233.unity-mcp"	"3441d9e63486d51e3bdccf872cc1c5bcdd1ac23c"	"Editor/MCPBuiltInRouteDescriptorRegistry.cs"	"384"	"custom_cli_review"	"vm_uitoolkit_repaint"	"com.vm233.unity-pipeline"	"pending_contract_migration"	"pending"	""	""	"Create a typed Pipeline command that calls the production owner directly; do not call the MCP dispatcher."
"uitoolkit/resource-audit"	"immediate"	"com.vm233.unity-mcp"	"3441d9e63486d51e3bdccf872cc1c5bcdd1ac23c"	"Editor/MCPBuiltInRouteDescriptorRegistry.cs"	"385"	"custom_cli_review"	"vm_uitoolkit_resource_audit"	"com.vm233.unity-pipeline"	"pending_contract_migration"	"pending"	""	""	"Create a typed Pipeline command that calls the production owner directly; do not call the MCP dispatcher."
"uitoolkit/runtime-documents"	"immediate"	"com.vm233.unity-mcp"	"3441d9e63486d51e3bdccf872cc1c5bcdd1ac23c"	"Editor/MCPBuiltInRouteDescriptorRegistry.cs"	"386"	"custom_cli_review"	"vm_uitoolkit_runtime_documents"	"com.vm233.unity-pipeline"	"pending_contract_migration"	"pending"	""	""	"Create a typed Pipeline command that calls the production owner directly; do not call the MCP dispatcher."
"uitoolkit/runtime-query"	"immediate"	"com.vm233.unity-mcp"	"3441d9e63486d51e3bdccf872cc1c5bcdd1ac23c"	"Editor/MCPBuiltInRouteDescriptorRegistry.cs"	"387"	"custom_cli_review"	"vm_uitoolkit_runtime_query"	"com.vm233.unity-pipeline"	"pending_contract_migration"	"pending"	""	""	"Create a typed Pipeline command that calls the production owner directly; do not call the MCP dispatcher."
"uitoolkit/runtime-repaint"	"immediate"	"com.vm233.unity-mcp"	"3441d9e63486d51e3bdccf872cc1c5bcdd1ac23c"	"Editor/MCPBuiltInRouteDescriptorRegistry.cs"	"388"	"custom_cli_review"	"vm_uitoolkit_runtime_repaint"	"com.vm233.unity-pipeline"	"pending_contract_migration"	"pending"	""	""	"Create a typed Pipeline command that calls the production owner directly; do not call the MCP dispatcher."
"uitoolkit/runtime-style"	"immediate"	"com.vm233.unity-mcp"	"3441d9e63486d51e3bdccf872cc1c5bcdd1ac23c"	"Editor/MCPBuiltInRouteDescriptorRegistry.cs"	"389"	"custom_cli_review"	"vm_uitoolkit_runtime_style"	"com.vm233.unity-pipeline"	"pending_contract_migration"	"pending"	""	""	"Create a typed Pipeline command that calls the production owner directly; do not call the MCP dispatcher."
"uitoolkit/runtime-tree"	"immediate"	"com.vm233.unity-mcp"	"3441d9e63486d51e3bdccf872cc1c5bcdd1ac23c"	"Editor/MCPBuiltInRouteDescriptorRegistry.cs"	"390"	"custom_cli_review"	"vm_uitoolkit_runtime_tree"	"com.vm233.unity-pipeline"	"pending_contract_migration"	"pending"	""	""	"Create a typed Pipeline command that calls the production owner directly; do not call the MCP dispatcher."
"uitoolkit/style"	"immediate"	"com.vm233.unity-mcp"	"3441d9e63486d51e3bdccf872cc1c5bcdd1ac23c"	"Editor/MCPBuiltInRouteDescriptorRegistry.cs"	"391"	"custom_cli_review"	"vm_uitoolkit_style"	"com.vm233.unity-pipeline"	"pending_contract_migration"	"pending"	""	""	"Create a typed Pipeline command that calls the production owner directly; do not call the MCP dispatcher."
"uitoolkit/tree"	"immediate"	"com.vm233.unity-mcp"	"3441d9e63486d51e3bdccf872cc1c5bcdd1ac23c"	"Editor/MCPBuiltInRouteDescriptorRegistry.cs"	"392"	"custom_cli_review"	"vm_uitoolkit_tree"	"com.vm233.unity-pipeline"	"pending_contract_migration"	"pending"	""	""	"Create a typed Pipeline command that calls the production owner directly; do not call the MCP dispatcher."
"uitoolkit/visual-check"	"immediate"	"com.vm233.unity-mcp"	"3441d9e63486d51e3bdccf872cc1c5bcdd1ac23c"	"Editor/MCPBuiltInRouteDescriptorRegistry.cs"	"393"	"custom_cli_review"	"vm_uitoolkit_visual_check"	"com.vm233.unity-pipeline"	"pending_contract_migration"	"pending"	""	""	"Create a typed Pipeline command that calls the production owner directly; do not call the MCP dispatcher."
"uitoolkit/windows"	"immediate"	"com.vm233.unity-mcp"	"3441d9e63486d51e3bdccf872cc1c5bcdd1ac23c"	"Editor/MCPBuiltInRouteDescriptorRegistry.cs"	"394"	"custom_cli_review"	"vm_uitoolkit_windows"	"com.vm233.unity-pipeline"	"pending_contract_migration"	"pending"	""	""	"Create a typed Pipeline command that calls the production owner directly; do not call the MCP dispatcher."
"undo/clear"	"immediate"	"com.vm233.unity-mcp"	"3441d9e63486d51e3bdccf872cc1c5bcdd1ac23c"	"Editor/MCPBuiltInRouteDescriptorRegistry.cs"	"395"	"custom_cli_review"	"vm_undo_clear"	"com.vm233.unity-pipeline"	"pending_contract_migration"	"pending"	""	""	"Create a typed Pipeline command that calls the production owner directly; do not call the MCP dispatcher."
"undo/history"	"immediate"	"com.vm233.unity-mcp"	"3441d9e63486d51e3bdccf872cc1c5bcdd1ac23c"	"Editor/MCPBuiltInRouteDescriptorRegistry.cs"	"396"	"custom_cli_review"	"vm_undo_history"	"com.vm233.unity-pipeline"	"pending_contract_migration"	"pending"	""	""	"Create a typed Pipeline command that calls the production owner directly; do not call the MCP dispatcher."
"undo/perform"	"immediate"	"com.vm233.unity-mcp"	"3441d9e63486d51e3bdccf872cc1c5bcdd1ac23c"	"Editor/MCPBuiltInRouteDescriptorRegistry.cs"	"397"	"custom_cli_review"	"vm_undo_perform"	"com.vm233.unity-pipeline"	"pending_contract_migration"	"pending"	""	""	"Create a typed Pipeline command that calls the production owner directly; do not call the MCP dispatcher."
"undo/redo"	"immediate"	"com.vm233.unity-mcp"	"3441d9e63486d51e3bdccf872cc1c5bcdd1ac23c"	"Editor/MCPBuiltInRouteDescriptorRegistry.cs"	"398"	"custom_cli_review"	"vm_undo_redo"	"com.vm233.unity-pipeline"	"pending_contract_migration"	"pending"	""	""	"Create a typed Pipeline command that calls the production owner directly; do not call the MCP dispatcher."
"vfxgraph/bake"	"immediate"	"com.vm233.unity-mcp"	"3441d9e63486d51e3bdccf872cc1c5bcdd1ac23c"	"Editor/MCPBuiltInRouteDescriptorRegistry.cs"	"399"	"custom_cli_review"	"vm_vfxgraph_bake"	"com.vm233.unity-pipeline"	"pending_contract_migration"	"pending"	""	""	"Create a typed Pipeline command that calls the production owner directly; do not call the MCP dispatcher."
"vfxgraph/catalog"	"immediate"	"com.vm233.unity-mcp"	"3441d9e63486d51e3bdccf872cc1c5bcdd1ac23c"	"Editor/MCPBuiltInRouteDescriptorRegistry.cs"	"400"	"custom_cli_review"	"vm_vfxgraph_catalog"	"com.vm233.unity-pipeline"	"pending_contract_migration"	"pending"	""	""	"Create a typed Pipeline command that calls the production owner directly; do not call the MCP dispatcher."
"vfxgraph/component-control"	"immediate"	"com.vm233.unity-mcp"	"3441d9e63486d51e3bdccf872cc1c5bcdd1ac23c"	"Editor/MCPBuiltInRouteDescriptorRegistry.cs"	"401"	"custom_cli_review"	"vm_vfxgraph_component_control"	"com.vm233.unity-pipeline"	"pending_contract_migration"	"pending"	""	""	"Create a typed Pipeline command that calls the production owner directly; do not call the MCP dispatcher."
"vfxgraph/component-info"	"immediate"	"com.vm233.unity-mcp"	"3441d9e63486d51e3bdccf872cc1c5bcdd1ac23c"	"Editor/MCPBuiltInRouteDescriptorRegistry.cs"	"402"	"custom_cli_review"	"vm_vfxgraph_component_info"	"com.vm233.unity-pipeline"	"pending_contract_migration"	"pending"	""	""	"Create a typed Pipeline command that calls the production owner directly; do not call the MCP dispatcher."
"vfxgraph/component-transaction"	"immediate"	"com.vm233.unity-mcp"	"3441d9e63486d51e3bdccf872cc1c5bcdd1ac23c"	"Editor/MCPBuiltInRouteDescriptorRegistry.cs"	"403"	"custom_cli_review"	"vm_vfxgraph_component_transaction"	"com.vm233.unity-pipeline"	"pending_contract_migration"	"pending"	""	""	"Create a typed Pipeline command that calls the production owner directly; do not call the MCP dispatcher."
"vfxgraph/create"	"immediate"	"com.vm233.unity-mcp"	"3441d9e63486d51e3bdccf872cc1c5bcdd1ac23c"	"Editor/MCPBuiltInRouteDescriptorRegistry.cs"	"404"	"custom_cli_review"	"vm_vfxgraph_create"	"com.vm233.unity-pipeline"	"pending_contract_migration"	"pending"	""	""	"Create a typed Pipeline command that calls the production owner directly; do not call the MCP dispatcher."
"vfxgraph/info"	"immediate"	"com.vm233.unity-mcp"	"3441d9e63486d51e3bdccf872cc1c5bcdd1ac23c"	"Editor/MCPBuiltInRouteDescriptorRegistry.cs"	"405"	"custom_cli_review"	"vm_vfxgraph_info"	"com.vm233.unity-pipeline"	"pending_contract_migration"	"pending"	""	""	"Create a typed Pipeline command that calls the production owner directly; do not call the MCP dispatcher."
"vfxgraph/settings-info"	"immediate"	"com.vm233.unity-mcp"	"3441d9e63486d51e3bdccf872cc1c5bcdd1ac23c"	"Editor/MCPBuiltInRouteDescriptorRegistry.cs"	"406"	"custom_cli_review"	"vm_vfxgraph_settings_info"	"com.vm233.unity-pipeline"	"pending_contract_migration"	"pending"	""	""	"Create a typed Pipeline command that calls the production owner directly; do not call the MCP dispatcher."
"vfxgraph/settings-transaction"	"immediate"	"com.vm233.unity-mcp"	"3441d9e63486d51e3bdccf872cc1c5bcdd1ac23c"	"Editor/MCPBuiltInRouteDescriptorRegistry.cs"	"407"	"custom_cli_review"	"vm_vfxgraph_settings_transaction"	"com.vm233.unity-pipeline"	"pending_contract_migration"	"pending"	""	""	"Create a typed Pipeline command that calls the production owner directly; do not call the MCP dispatcher."
"vfxgraph/transaction"	"immediate"	"com.vm233.unity-mcp"	"3441d9e63486d51e3bdccf872cc1c5bcdd1ac23c"	"Editor/MCPBuiltInRouteDescriptorRegistry.cs"	"408"	"custom_cli_review"	"vm_vfxgraph_transaction"	"com.vm233.unity-pipeline"	"pending_contract_migration"	"pending"	""	""	"Create a typed Pipeline command that calls the production owner directly; do not call the MCP dispatcher."
"vfxgraph/validate"	"immediate"	"com.vm233.unity-mcp"	"3441d9e63486d51e3bdccf872cc1c5bcdd1ac23c"	"Editor/MCPBuiltInRouteDescriptorRegistry.cs"	"409"	"custom_cli_review"	"vm_vfxgraph_validate"	"com.vm233.unity-pipeline"	"pending_contract_migration"	"pending"	""	""	"Create a typed Pipeline command that calls the production owner directly; do not call the MCP dispatcher."
"wait/editor-idle"	"deferred"	"com.vm233.unity-mcp"	"3441d9e63486d51e3bdccf872cc1c5bcdd1ac23c"	"Editor/MCPBuiltInRouteDescriptorRegistry.cs"	"410"	"custom_cli_review"	"vm_wait_editor_idle"	"com.vm233.unity-pipeline"	"pending_contract_migration"	"pending"	""	""	"Create a typed Pipeline command that calls the production owner directly; do not call the MCP dispatcher."
