"sourceRoute"	"finalDisposition"	"finalTarget"	"evidence"
"_meta/capabilities"	"merge_into"	"vm_catalog_status"	"The official Unity CLI and five-command VM Pipeline facade own this transport/session concern after cutover; VMUnityAutomation bfc612c350fbc83b37fd33b324670bd7dec7f447 intentionally publishes no '_meta/capabilities' route."
"_meta/tools"	"merge_into"	"unity command|vm_catalog_list|vm_catalog_get"	"The official Unity CLI and five-command VM Pipeline facade own this transport/session concern after cutover; VMUnityAutomation bfc612c350fbc83b37fd33b324670bd7dec7f447 intentionally publishes no '_meta/tools' route."
"addressables/build"	"custom_cli"	"vm_auto_addressables_build"	"VMUnityAutomation bfc612c350fbc83b37fd33b324670bd7dec7f447 publishes 'addressables/build' with its migrated input/output contract and handler; vm_automation_call exposes it as 'vm_auto_addressables_build' without an MCP transport."
"addressables/info"	"custom_cli"	"vm_auto_addressables_info"	"VMUnityAutomation bfc612c350fbc83b37fd33b324670bd7dec7f447 publishes 'addressables/info' with its migrated input/output contract and handler; vm_automation_call exposes it as 'vm_auto_addressables_info' without an MCP transport."
"addressables/transaction"	"custom_cli"	"vm_auto_addressables_transaction"	"VMUnityAutomation bfc612c350fbc83b37fd33b324670bd7dec7f447 publishes 'addressables/transaction' with its migrated input/output contract and handler; vm_automation_call exposes it as 'vm_auto_addressables_transaction' without an MCP transport."
"agents/list"	"delete_redundant"	""	"Production consumer audit found no post-cutover caller; the official Unity CLI owns liveness, process, session, and logging concerns, and VMUnityAutomation bfc612c350fbc83b37fd33b324670bd7dec7f447 intentionally publishes no 'agents/list' route."
"agents/log"	"delete_redundant"	""	"Production consumer audit found no post-cutover caller; the official Unity CLI owns liveness, process, session, and logging concerns, and VMUnityAutomation bfc612c350fbc83b37fd33b324670bd7dec7f447 intentionally publishes no 'agents/log' route."
"animation/add-event"	"custom_cli"	"vm_auto_animation_add_event"	"VMUnityAutomation bfc612c350fbc83b37fd33b324670bd7dec7f447 publishes 'animation/add-event' with its migrated input/output contract and handler; vm_automation_call exposes it as 'vm_auto_animation_add_event' without an MCP transport."
"animation/add-keyframe"	"custom_cli"	"vm_auto_animation_add_keyframe"	"VMUnityAutomation bfc612c350fbc83b37fd33b324670bd7dec7f447 publishes 'animation/add-keyframe' with its migrated input/output contract and handler; vm_automation_call exposes it as 'vm_auto_animation_add_keyframe' without an MCP transport."
"animation/add-layer"	"custom_cli"	"vm_auto_animation_add_layer"	"VMUnityAutomation bfc612c350fbc83b37fd33b324670bd7dec7f447 publishes 'animation/add-layer' with its migrated input/output contract and handler; vm_automation_call exposes it as 'vm_auto_animation_add_layer' without an MCP transport."
"animation/add-parameter"	"custom_cli"	"vm_auto_animation_add_parameter"	"VMUnityAutomation bfc612c350fbc83b37fd33b324670bd7dec7f447 publishes 'animation/add-parameter' with its migrated input/output contract and handler; vm_automation_call exposes it as 'vm_auto_animation_add_parameter' without an MCP transport."
"animation/add-state"	"custom_cli"	"vm_auto_animation_add_state"	"VMUnityAutomation bfc612c350fbc83b37fd33b324670bd7dec7f447 publishes 'animation/add-state' with its migrated input/output contract and handler; vm_automation_call exposes it as 'vm_auto_animation_add_state' without an MCP transport."
"animation/add-transition"	"custom_cli"	"vm_auto_animation_add_transition"	"VMUnityAutomation bfc612c350fbc83b37fd33b324670bd7dec7f447 publishes 'animation/add-transition' with its migrated input/output contract and handler; vm_automation_call exposes it as 'vm_auto_animation_add_transition' without an MCP transport."
"animation/assign-controller"	"custom_cli"	"vm_auto_animation_assign_controller"	"VMUnityAutomation bfc612c350fbc83b37fd33b324670bd7dec7f447 publishes 'animation/assign-controller' with its migrated input/output contract and handler; vm_automation_call exposes it as 'vm_auto_animation_assign_controller' without an MCP transport."
"animation/clip-info"	"custom_cli"	"vm_auto_animation_clip_info"	"VMUnityAutomation bfc612c350fbc83b37fd33b324670bd7dec7f447 publishes 'animation/clip-info' with its migrated input/output contract and handler; vm_automation_call exposes it as 'vm_auto_animation_clip_info' without an MCP transport."
"animation/connect-states"	"custom_cli"	"vm_auto_animation_connect_states"	"VMUnityAutomation bfc612c350fbc83b37fd33b324670bd7dec7f447 publishes 'animation/connect-states' with its migrated input/output contract and handler; vm_automation_call exposes it as 'vm_auto_animation_connect_states' without an MCP transport."
"animation/controller-info"	"custom_cli"	"vm_auto_animation_controller_info"	"VMUnityAutomation bfc612c350fbc83b37fd33b324670bd7dec7f447 publishes 'animation/controller-info' with its migrated input/output contract and handler; vm_automation_call exposes it as 'vm_auto_animation_controller_info' without an MCP transport."
"animation/create-blend-tree"	"custom_cli"	"vm_auto_animation_create_blend_tree"	"VMUnityAutomation bfc612c350fbc83b37fd33b324670bd7dec7f447 publishes 'animation/create-blend-tree' with its migrated input/output contract and handler; vm_automation_call exposes it as 'vm_auto_animation_create_blend_tree' without an MCP transport."
"animation/create-clip"	"custom_cli"	"vm_auto_animation_create_clip"	"VMUnityAutomation bfc612c350fbc83b37fd33b324670bd7dec7f447 publishes 'animation/create-clip' with its migrated input/output contract and handler; vm_automation_call exposes it as 'vm_auto_animation_create_clip' without an MCP transport."
"animation/create-controller"	"custom_cli"	"vm_auto_animation_create_controller"	"VMUnityAutomation bfc612c350fbc83b37fd33b324670bd7dec7f447 publishes 'animation/create-controller' with its migrated input/output contract and handler; vm_automation_call exposes it as 'vm_auto_animation_create_controller' without an MCP transport."
"animation/get-blend-tree"	"custom_cli"	"vm_auto_animation_get_blend_tree"	"VMUnityAutomation bfc612c350fbc83b37fd33b324670bd7dec7f447 publishes 'animation/get-blend-tree' with its migrated input/output contract and handler; vm_automation_call exposes it as 'vm_auto_animation_get_blend_tree' without an MCP transport."
"animation/get-curve-keyframes"	"custom_cli"	"vm_auto_animation_get_curve_keyframes"	"VMUnityAutomation bfc612c350fbc83b37fd33b324670bd7dec7f447 publishes 'animation/get-curve-keyframes' with its migrated input/output contract and handler; vm_automation_call exposes it as 'vm_auto_animation_get_curve_keyframes' without an MCP transport."
"animation/get-events"	"custom_cli"	"vm_auto_animation_get_events"	"VMUnityAutomation bfc612c350fbc83b37fd33b324670bd7dec7f447 publishes 'animation/get-events' with its migrated input/output contract and handler; vm_automation_call exposes it as 'vm_auto_animation_get_events' without an MCP transport."
"animation/remove-curve"	"custom_cli"	"vm_auto_animation_remove_curve"	"VMUnityAutomation bfc612c350fbc83b37fd33b324670bd7dec7f447 publishes 'animation/remove-curve' with its migrated input/output contract and handler; vm_automation_call exposes it as 'vm_auto_animation_remove_curve' without an MCP transport."
"animation/remove-event"	"custom_cli"	"vm_auto_animation_remove_event"	"VMUnityAutomation bfc612c350fbc83b37fd33b324670bd7dec7f447 publishes 'animation/remove-event' with its migrated input/output contract and handler; vm_automation_call exposes it as 'vm_auto_animation_remove_event' without an MCP transport."
"animation/remove-keyframe"	"custom_cli"	"vm_auto_animation_remove_keyframe"	"VMUnityAutomation bfc612c350fbc83b37fd33b324670bd7dec7f447 publishes 'animation/remove-keyframe' with its migrated input/output contract and handler; vm_automation_call exposes it as 'vm_auto_animation_remove_keyframe' without an MCP transport."
"animation/remove-layer"	"custom_cli"	"vm_auto_animation_remove_layer"	"VMUnityAutomation bfc612c350fbc83b37fd33b324670bd7dec7f447 publishes 'animation/remove-layer' with its migrated input/output contract and handler; vm_automation_call exposes it as 'vm_auto_animation_remove_layer' without an MCP transport."
"animation/remove-parameter"	"custom_cli"	"vm_auto_animation_remove_parameter"	"VMUnityAutomation bfc612c350fbc83b37fd33b324670bd7dec7f447 publishes 'animation/remove-parameter' with its migrated input/output contract and handler; vm_automation_call exposes it as 'vm_auto_animation_remove_parameter' without an MCP transport."
"animation/remove-state"	"custom_cli"	"vm_auto_animation_remove_state"	"VMUnityAutomation bfc612c350fbc83b37fd33b324670bd7dec7f447 publishes 'animation/remove-state' with its migrated input/output contract and handler; vm_automation_call exposes it as 'vm_auto_animation_remove_state' without an MCP transport."
"animation/remove-transition"	"custom_cli"	"vm_auto_animation_remove_transition"	"VMUnityAutomation bfc612c350fbc83b37fd33b324670bd7dec7f447 publishes 'animation/remove-transition' with its migrated input/output contract and handler; vm_automation_call exposes it as 'vm_auto_animation_remove_transition' without an MCP transport."
"animation/set-clip-curve"	"custom_cli"	"vm_auto_animation_set_clip_curve"	"VMUnityAutomation bfc612c350fbc83b37fd33b324670bd7dec7f447 publishes 'animation/set-clip-curve' with its migrated input/output contract and handler; vm_automation_call exposes it as 'vm_auto_animation_set_clip_curve' without an MCP transport."
"animation/set-clip-settings"	"custom_cli"	"vm_auto_animation_set_clip_settings"	"VMUnityAutomation bfc612c350fbc83b37fd33b324670bd7dec7f447 publishes 'animation/set-clip-settings' with its migrated input/output contract and handler; vm_automation_call exposes it as 'vm_auto_animation_set_clip_settings' without an MCP transport."
"animation/set-object-reference-curve"	"custom_cli"	"vm_auto_animation_set_object_reference_curve"	"VMUnityAutomation bfc612c350fbc83b37fd33b324670bd7dec7f447 publishes 'animation/set-object-reference-curve' with its migrated input/output contract and handler; vm_automation_call exposes it as 'vm_auto_animation_set_object_reference_curve' without an MCP transport."
"animation/transition-info"	"custom_cli"	"vm_auto_animation_transition_info"	"VMUnityAutomation bfc612c350fbc83b37fd33b324670bd7dec7f447 publishes 'animation/transition-info' with its migrated input/output contract and handler; vm_automation_call exposes it as 'vm_auto_animation_transition_info' without an MCP transport."
"animation/update-state"	"custom_cli"	"vm_auto_animation_update_state"	"VMUnityAutomation bfc612c350fbc83b37fd33b324670bd7dec7f447 publishes 'animation/update-state' with its migrated input/output contract and handler; vm_automation_call exposes it as 'vm_auto_animation_update_state' without an MCP transport."
"animation/update-transition"	"custom_cli"	"vm_auto_animation_update_transition"	"VMUnityAutomation bfc612c350fbc83b37fd33b324670bd7dec7f447 publishes 'animation/update-transition' with its migrated input/output contract and handler; vm_automation_call exposes it as 'vm_auto_animation_update_transition' without an MCP transport."
"animation/validate-controller"	"custom_cli"	"vm_auto_animation_validate_controller"	"VMUnityAutomation bfc612c350fbc83b37fd33b324670bd7dec7f447 publishes 'animation/validate-controller' with its migrated input/output contract and handler; vm_automation_call exposes it as 'vm_auto_animation_validate_controller' without an MCP transport."
"asmdef/add-references"	"custom_cli"	"vm_auto_asmdef_add_references"	"VMUnityAutomation bfc612c350fbc83b37fd33b324670bd7dec7f447 publishes 'asmdef/add-references' with its migrated input/output contract and handler; vm_automation_call exposes it as 'vm_auto_asmdef_add_references' without an MCP transport."
"asmdef/create"	"custom_cli"	"vm_auto_asmdef_create"	"VMUnityAutomation bfc612c350fbc83b37fd33b324670bd7dec7f447 publishes 'asmdef/create' with its migrated input/output contract and handler; vm_automation_call exposes it as 'vm_auto_asmdef_create' without an MCP transport."
"asmdef/create-ref"	"custom_cli"	"vm_auto_asmdef_create_ref"	"VMUnityAutomation bfc612c350fbc83b37fd33b324670bd7dec7f447 publishes 'asmdef/create-ref' with its migrated input/output contract and handler; vm_automation_call exposes it as 'vm_auto_asmdef_create_ref' without an MCP transport."
"asmdef/info"	"custom_cli"	"vm_auto_asmdef_info"	"VMUnityAutomation bfc612c350fbc83b37fd33b324670bd7dec7f447 publishes 'asmdef/info' with its migrated input/output contract and handler; vm_automation_call exposes it as 'vm_auto_asmdef_info' without an MCP transport."
"asmdef/list"	"custom_cli"	"vm_auto_asmdef_list"	"VMUnityAutomation bfc612c350fbc83b37fd33b324670bd7dec7f447 publishes 'asmdef/list' with its migrated input/output contract and handler; vm_automation_call exposes it as 'vm_auto_asmdef_list' without an MCP transport."
"asmdef/remove-references"	"custom_cli"	"vm_auto_asmdef_remove_references"	"VMUnityAutomation bfc612c350fbc83b37fd33b324670bd7dec7f447 publishes 'asmdef/remove-references' with its migrated input/output contract and handler; vm_automation_call exposes it as 'vm_auto_asmdef_remove_references' without an MCP transport."
"asmdef/set-platforms"	"custom_cli"	"vm_auto_asmdef_set_platforms"	"VMUnityAutomation bfc612c350fbc83b37fd33b324670bd7dec7f447 publishes 'asmdef/set-platforms' with its migrated input/output contract and handler; vm_automation_call exposes it as 'vm_auto_asmdef_set_platforms' without an MCP transport."
"asmdef/update-settings"	"custom_cli"	"vm_auto_asmdef_update_settings"	"VMUnityAutomation bfc612c350fbc83b37fd33b324670bd7dec7f447 publishes 'asmdef/update-settings' with its migrated input/output contract and handler; vm_automation_call exposes it as 'vm_auto_asmdef_update_settings' without an MCP transport."
"asset/copy"	"custom_cli"	"vm_auto_asset_copy"	"VMUnityAutomation bfc612c350fbc83b37fd33b324670bd7dec7f447 publishes 'asset/copy' with its migrated input/output contract and handler; vm_automation_call exposes it as 'vm_auto_asset_copy' without an MCP transport."
"asset/create-folder"	"custom_cli"	"vm_auto_asset_create_folder"	"VMUnityAutomation bfc612c350fbc83b37fd33b324670bd7dec7f447 publishes 'asset/create-folder' with its migrated input/output contract and handler; vm_automation_call exposes it as 'vm_auto_asset_create_folder' without an MCP transport."
"asset/create-material"	"custom_cli"	"vm_auto_asset_create_material"	"VMUnityAutomation bfc612c350fbc83b37fd33b324670bd7dec7f447 publishes 'asset/create-material' with its migrated input/output contract and handler; vm_automation_call exposes it as 'vm_auto_asset_create_material' without an MCP transport."
"asset/create-prefab"	"custom_cli"	"vm_auto_asset_create_prefab"	"VMUnityAutomation bfc612c350fbc83b37fd33b324670bd7dec7f447 publishes 'asset/create-prefab' with its migrated input/output contract and handler; vm_automation_call exposes it as 'vm_auto_asset_create_prefab' without an MCP transport."
"asset/delete"	"custom_cli"	"vm_auto_asset_delete"	"VMUnityAutomation bfc612c350fbc83b37fd33b324670bd7dec7f447 publishes 'asset/delete' with its migrated input/output contract and handler; vm_automation_call exposes it as 'vm_auto_asset_delete' without an MCP transport."
"asset/dependencies"	"custom_cli"	"vm_auto_asset_dependencies"	"VMUnityAutomation bfc612c350fbc83b37fd33b324670bd7dec7f447 publishes 'asset/dependencies' with its migrated input/output contract and handler; vm_automation_call exposes it as 'vm_auto_asset_dependencies' without an MCP transport."
"asset/export-unitypackage"	"custom_cli"	"vm_auto_asset_export_unitypackage"	"VMUnityAutomation bfc612c350fbc83b37fd33b324670bd7dec7f447 publishes 'asset/export-unitypackage' with its migrated input/output contract and handler; vm_automation_call exposes it as 'vm_auto_asset_export_unitypackage' without an MCP transport."
"asset/import"	"custom_cli"	"vm_auto_asset_import"	"VMUnityAutomation bfc612c350fbc83b37fd33b324670bd7dec7f447 publishes 'asset/import' with its migrated input/output contract and handler; vm_automation_call exposes it as 'vm_auto_asset_import' without an MCP transport."
"asset/import-settings/get"	"custom_cli"	"vm_auto_asset_import_settings_get"	"VMUnityAutomation bfc612c350fbc83b37fd33b324670bd7dec7f447 publishes 'asset/import-settings/get' with its migrated input/output contract and handler; vm_automation_call exposes it as 'vm_auto_asset_import_settings_get' without an MCP transport."
"asset/import-settings/set"	"custom_cli"	"vm_auto_asset_import_settings_set"	"VMUnityAutomation bfc612c350fbc83b37fd33b324670bd7dec7f447 publishes 'asset/import-settings/set' with its migrated input/output contract and handler; vm_automation_call exposes it as 'vm_auto_asset_import_settings_set' without an MCP transport."
"asset/import-unitypackage"	"custom_cli"	"vm_auto_asset_import_unitypackage"	"VMUnityAutomation bfc612c350fbc83b37fd33b324670bd7dec7f447 publishes 'asset/import-unitypackage' with its migrated input/output contract and handler; vm_automation_call exposes it as 'vm_auto_asset_import_unitypackage' without an MCP transport."
"asset/list"	"custom_cli"	"vm_auto_asset_list"	"VMUnityAutomation bfc612c350fbc83b37fd33b324670bd7dec7f447 publishes 'asset/list' with its migrated input/output contract and handler; vm_automation_call exposes it as 'vm_auto_asset_list' without an MCP transport."
"asset/move"	"custom_cli"	"vm_auto_asset_move"	"VMUnityAutomation bfc612c350fbc83b37fd33b324670bd7dec7f447 publishes 'asset/move' with its migrated input/output contract and handler; vm_automation_call exposes it as 'vm_auto_asset_move' without an MCP transport."
"asset/refresh"	"custom_cli"	"vm_auto_asset_refresh"	"VMUnityAutomation bfc612c350fbc83b37fd33b324670bd7dec7f447 publishes 'asset/refresh' with its migrated input/output contract and handler; vm_automation_call exposes it as 'vm_auto_asset_refresh' without an MCP transport."
"asset/rename"	"custom_cli"	"vm_auto_asset_rename"	"VMUnityAutomation bfc612c350fbc83b37fd33b324670bd7dec7f447 publishes 'asset/rename' with its migrated input/output contract and handler; vm_automation_call exposes it as 'vm_auto_asset_rename' without an MCP transport."
"asset/transaction"	"custom_cli"	"vm_auto_asset_transaction"	"VMUnityAutomation bfc612c350fbc83b37fd33b324670bd7dec7f447 publishes 'asset/transaction' with its migrated input/output contract and handler; vm_automation_call exposes it as 'vm_auto_asset_transaction' without an MCP transport."
"audio-mixer/info"	"custom_cli"	"vm_auto_audio_mixer_info"	"VMUnityAutomation bfc612c350fbc83b37fd33b324670bd7dec7f447 publishes 'audio-mixer/info' with its migrated input/output contract and handler; vm_automation_call exposes it as 'vm_auto_audio_mixer_info' without an MCP transport."
"audio-mixer/transaction"	"custom_cli"	"vm_auto_audio_mixer_transaction"	"VMUnityAutomation bfc612c350fbc83b37fd33b324670bd7dec7f447 publishes 'audio-mixer/transaction' with its migrated input/output contract and handler; vm_automation_call exposes it as 'vm_auto_audio_mixer_transaction' without an MCP transport."
"audio/create-source"	"custom_cli"	"vm_auto_audio_create_source"	"VMUnityAutomation bfc612c350fbc83b37fd33b324670bd7dec7f447 publishes 'audio/create-source' with its migrated input/output contract and handler; vm_automation_call exposes it as 'vm_auto_audio_create_source' without an MCP transport."
"audio/info"	"custom_cli"	"vm_auto_audio_info"	"VMUnityAutomation bfc612c350fbc83b37fd33b324670bd7dec7f447 publishes 'audio/info' with its migrated input/output contract and handler; vm_automation_call exposes it as 'vm_auto_audio_info' without an MCP transport."
"audio/set-global"	"custom_cli"	"vm_auto_audio_set_global"	"VMUnityAutomation bfc612c350fbc83b37fd33b324670bd7dec7f447 publishes 'audio/set-global' with its migrated input/output contract and handler; vm_automation_call exposes it as 'vm_auto_audio_set_global' without an MCP transport."
"build/get-job"	"custom_cli"	"vm_auto_build_get_job"	"VMUnityAutomation bfc612c350fbc83b37fd33b324670bd7dec7f447 publishes 'build/get-job' with its migrated input/output contract and handler; vm_automation_call exposes it as 'vm_auto_build_get_job' without an MCP transport."
"build/profile"	"custom_cli"	"vm_auto_build_profile"	"VMUnityAutomation bfc612c350fbc83b37fd33b324670bd7dec7f447 publishes 'build/profile' with its migrated input/output contract and handler; vm_automation_call exposes it as 'vm_auto_build_profile' without an MCP transport."
"build/start"	"custom_cli"	"vm_auto_build_start"	"VMUnityAutomation bfc612c350fbc83b37fd33b324670bd7dec7f447 publishes 'build/start' with its migrated input/output contract and handler; vm_automation_call exposes it as 'vm_auto_build_start' without an MCP transport."
"cinemachine/info"	"custom_cli"	"vm_auto_cinemachine_info"	"VMUnityAutomation bfc612c350fbc83b37fd33b324670bd7dec7f447 publishes 'cinemachine/info' with its migrated input/output contract and handler; vm_automation_call exposes it as 'vm_auto_cinemachine_info' without an MCP transport."
"cinemachine/transaction"	"custom_cli"	"vm_auto_cinemachine_transaction"	"VMUnityAutomation bfc612c350fbc83b37fd33b324670bd7dec7f447 publishes 'cinemachine/transaction' with its migrated input/output contract and handler; vm_automation_call exposes it as 'vm_auto_cinemachine_transaction' without an MCP transport."
"compilation/errors"	"custom_cli"	"vm_auto_compilation_errors"	"VMUnityAutomation bfc612c350fbc83b37fd33b324670bd7dec7f447 publishes 'compilation/errors' with its migrated input/output contract and handler; vm_automation_call exposes it as 'vm_auto_compilation_errors' without an MCP transport."
"component/add"	"custom_cli"	"vm_auto_component_add"	"VMUnityAutomation bfc612c350fbc83b37fd33b324670bd7dec7f447 publishes 'component/add' with its migrated input/output contract and handler; vm_automation_call exposes it as 'vm_auto_component_add' without an MCP transport."
"component/get-properties"	"custom_cli"	"vm_auto_component_get_properties"	"VMUnityAutomation bfc612c350fbc83b37fd33b324670bd7dec7f447 publishes 'component/get-properties' with its migrated input/output contract and handler; vm_automation_call exposes it as 'vm_auto_component_get_properties' without an MCP transport."
"component/get-referenceable"	"custom_cli"	"vm_auto_component_get_referenceable"	"VMUnityAutomation bfc612c350fbc83b37fd33b324670bd7dec7f447 publishes 'component/get-referenceable' with its migrated input/output contract and handler; vm_automation_call exposes it as 'vm_auto_component_get_referenceable' without an MCP transport."
"component/remove"	"custom_cli"	"vm_auto_component_remove"	"VMUnityAutomation bfc612c350fbc83b37fd33b324670bd7dec7f447 publishes 'component/remove' with its migrated input/output contract and handler; vm_automation_call exposes it as 'vm_auto_component_remove' without an MCP transport."
"component/set-property"	"custom_cli"	"vm_auto_component_set_property"	"VMUnityAutomation bfc612c350fbc83b37fd33b324670bd7dec7f447 publishes 'component/set-property' with its migrated input/output contract and handler; vm_automation_call exposes it as 'vm_auto_component_set_property' without an MCP transport."
"component/set-reference"	"custom_cli"	"vm_auto_component_set_reference"	"VMUnityAutomation bfc612c350fbc83b37fd33b324670bd7dec7f447 publishes 'component/set-reference' with its migrated input/output contract and handler; vm_automation_call exposes it as 'vm_auto_component_set_reference' without an MCP transport."
"console/clear"	"custom_cli"	"vm_auto_console_clear"	"VMUnityAutomation bfc612c350fbc83b37fd33b324670bd7dec7f447 publishes 'console/clear' with its migrated input/output contract and handler; vm_automation_call exposes it as 'vm_auto_console_clear' without an MCP transport."
"console/query"	"custom_cli"	"vm_auto_console_query"	"VMUnityAutomation bfc612c350fbc83b37fd33b324670bd7dec7f447 publishes 'console/query' with its migrated input/output contract and handler; vm_automation_call exposes it as 'vm_auto_console_query' without an MCP transport."
"constraint/add"	"custom_cli"	"vm_auto_constraint_add"	"VMUnityAutomation bfc612c350fbc83b37fd33b324670bd7dec7f447 publishes 'constraint/add' with its migrated input/output contract and handler; vm_automation_call exposes it as 'vm_auto_constraint_add' without an MCP transport."
"constraint/info"	"custom_cli"	"vm_auto_constraint_info"	"VMUnityAutomation bfc612c350fbc83b37fd33b324670bd7dec7f447 publishes 'constraint/info' with its migrated input/output contract and handler; vm_automation_call exposes it as 'vm_auto_constraint_info' without an MCP transport."
"debug/attach-unity"	"custom_cli"	"vm_auto_debug_attach_unity"	"VMUnityAutomation bfc612c350fbc83b37fd33b324670bd7dec7f447 publishes 'debug/attach-unity' with its migrated input/output contract and handler; vm_automation_call exposes it as 'vm_auto_debug_attach_unity' without an MCP transport."
"debug/evaluate"	"custom_cli"	"vm_auto_debug_evaluate"	"VMUnityAutomation bfc612c350fbc83b37fd33b324670bd7dec7f447 publishes 'debug/evaluate' with its migrated input/output contract and handler; vm_automation_call exposes it as 'vm_auto_debug_evaluate' without an MCP transport."
"debug/set-breakpoint"	"custom_cli"	"vm_auto_debug_set_breakpoint"	"VMUnityAutomation bfc612c350fbc83b37fd33b324670bd7dec7f447 publishes 'debug/set-breakpoint' with its migrated input/output contract and handler; vm_automation_call exposes it as 'vm_auto_debug_set_breakpoint' without an MCP transport."
"debug/stack-trace"	"custom_cli"	"vm_auto_debug_stack_trace"	"VMUnityAutomation bfc612c350fbc83b37fd33b324670bd7dec7f447 publishes 'debug/stack-trace' with its migrated input/output contract and handler; vm_automation_call exposes it as 'vm_auto_debug_stack_trace' without an MCP transport."
"debug/variables"	"custom_cli"	"vm_auto_debug_variables"	"VMUnityAutomation bfc612c350fbc83b37fd33b324670bd7dec7f447 publishes 'debug/variables' with its migrated input/output contract and handler; vm_automation_call exposes it as 'vm_auto_debug_variables' without an MCP transport."
"debugger/enable"	"custom_cli"	"vm_auto_debugger_enable"	"VMUnityAutomation bfc612c350fbc83b37fd33b324670bd7dec7f447 publishes 'debugger/enable' with its migrated input/output contract and handler; vm_automation_call exposes it as 'vm_auto_debugger_enable' without an MCP transport."
"debugger/event-details"	"custom_cli"	"vm_auto_debugger_event_details"	"VMUnityAutomation bfc612c350fbc83b37fd33b324670bd7dec7f447 publishes 'debugger/event-details' with its migrated input/output contract and handler; vm_automation_call exposes it as 'vm_auto_debugger_event_details' without an MCP transport."
"debugger/events"	"custom_cli"	"vm_auto_debugger_events"	"VMUnityAutomation bfc612c350fbc83b37fd33b324670bd7dec7f447 publishes 'debugger/events' with its migrated input/output contract and handler; vm_automation_call exposes it as 'vm_auto_debugger_events' without an MCP transport."
"editor/execute-code"	"custom_cli"	"vm_auto_editor_execute_code"	"VMUnityAutomation bfc612c350fbc83b37fd33b324670bd7dec7f447 publishes 'editor/execute-code' with its migrated input/output contract and handler; vm_automation_call exposes it as 'vm_auto_editor_execute_code' without an MCP transport."
"editor/execute-menu-item"	"custom_cli"	"vm_auto_editor_execute_menu_item"	"VMUnityAutomation bfc612c350fbc83b37fd33b324670bd7dec7f447 publishes 'editor/execute-menu-item' with its migrated input/output contract and handler; vm_automation_call exposes it as 'vm_auto_editor_execute_menu_item' without an MCP transport."
"editor/play-mode"	"custom_cli"	"vm_auto_editor_play_mode"	"VMUnityAutomation bfc612c350fbc83b37fd33b324670bd7dec7f447 publishes 'editor/play-mode' with its migrated input/output contract and handler; vm_automation_call exposes it as 'vm_auto_editor_play_mode' without an MCP transport."
"editor/state"	"custom_cli"	"vm_auto_editor_state"	"VMUnityAutomation bfc612c350fbc83b37fd33b324670bd7dec7f447 publishes 'editor/state' with its migrated input/output contract and handler; vm_automation_call exposes it as 'vm_auto_editor_state' without an MCP transport."
"editorprefs/delete"	"custom_cli"	"vm_auto_editorprefs_delete"	"VMUnityAutomation bfc612c350fbc83b37fd33b324670bd7dec7f447 publishes 'editorprefs/delete' with its migrated input/output contract and handler; vm_automation_call exposes it as 'vm_auto_editorprefs_delete' without an MCP transport."
"editorprefs/get"	"custom_cli"	"vm_auto_editorprefs_get"	"VMUnityAutomation bfc612c350fbc83b37fd33b324670bd7dec7f447 publishes 'editorprefs/get' with its migrated input/output contract and handler; vm_automation_call exposes it as 'vm_auto_editorprefs_get' without an MCP transport."
"editorprefs/set"	"custom_cli"	"vm_auto_editorprefs_set"	"VMUnityAutomation bfc612c350fbc83b37fd33b324670bd7dec7f447 publishes 'editorprefs/set' with its migrated input/output contract and handler; vm_automation_call exposes it as 'vm_auto_editorprefs_set' without an MCP transport."
"gameobject/create"	"custom_cli"	"vm_auto_gameobject_create"	"VMUnityAutomation bfc612c350fbc83b37fd33b324670bd7dec7f447 publishes 'gameobject/create' with its migrated input/output contract and handler; vm_automation_call exposes it as 'vm_auto_gameobject_create' without an MCP transport."
"gameobject/delete"	"custom_cli"	"vm_auto_gameobject_delete"	"VMUnityAutomation bfc612c350fbc83b37fd33b324670bd7dec7f447 publishes 'gameobject/delete' with its migrated input/output contract and handler; vm_automation_call exposes it as 'vm_auto_gameobject_delete' without an MCP transport."
"gameobject/duplicate"	"custom_cli"	"vm_auto_gameobject_duplicate"	"VMUnityAutomation bfc612c350fbc83b37fd33b324670bd7dec7f447 publishes 'gameobject/duplicate' with its migrated input/output contract and handler; vm_automation_call exposes it as 'vm_auto_gameobject_duplicate' without an MCP transport."
"gameobject/info"	"custom_cli"	"vm_auto_gameobject_info"	"VMUnityAutomation bfc612c350fbc83b37fd33b324670bd7dec7f447 publishes 'gameobject/info' with its migrated input/output contract and handler; vm_automation_call exposes it as 'vm_auto_gameobject_info' without an MCP transport."
"gameobject/reparent"	"custom_cli"	"vm_auto_gameobject_reparent"	"VMUnityAutomation bfc612c350fbc83b37fd33b324670bd7dec7f447 publishes 'gameobject/reparent' with its migrated input/output contract and handler; vm_automation_call exposes it as 'vm_auto_gameobject_reparent' without an MCP transport."
"gameobject/set-active"	"custom_cli"	"vm_auto_gameobject_set_active"	"VMUnityAutomation bfc612c350fbc83b37fd33b324670bd7dec7f447 publishes 'gameobject/set-active' with its migrated input/output contract and handler; vm_automation_call exposes it as 'vm_auto_gameobject_set_active' without an MCP transport."
"gameobject/set-transform"	"custom_cli"	"vm_auto_gameobject_set_transform"	"VMUnityAutomation bfc612c350fbc83b37fd33b324670bd7dec7f447 publishes 'gameobject/set-transform' with its migrated input/output contract and handler; vm_automation_call exposes it as 'vm_auto_gameobject_set_transform' without an MCP transport."
"gameview/info"	"custom_cli"	"vm_auto_gameview_info"	"VMUnityAutomation bfc612c350fbc83b37fd33b324670bd7dec7f447 publishes 'gameview/info' with its migrated input/output contract and handler; vm_automation_call exposes it as 'vm_auto_gameview_info' without an MCP transport."
"gameview/set-resolution"	"custom_cli"	"vm_auto_gameview_set_resolution"	"VMUnityAutomation bfc612c350fbc83b37fd33b324670bd7dec7f447 publishes 'gameview/set-resolution' with its migrated input/output contract and handler; vm_automation_call exposes it as 'vm_auto_gameview_set_resolution' without an MCP transport."
"gameview/set-scale"	"custom_cli"	"vm_auto_gameview_set_scale"	"VMUnityAutomation bfc612c350fbc83b37fd33b324670bd7dec7f447 publishes 'gameview/set-scale' with its migrated input/output contract and handler; vm_automation_call exposes it as 'vm_auto_gameview_set_scale' without an MCP transport."
"graphics/annotate-rects"	"custom_cli"	"vm_auto_graphics_annotate_rects"	"VMUnityAutomation bfc612c350fbc83b37fd33b324670bd7dec7f447 publishes 'graphics/annotate-rects' with its migrated input/output contract and handler; vm_automation_call exposes it as 'vm_auto_graphics_annotate_rects' without an MCP transport."
"graphics/asset-preview"	"custom_cli"	"vm_auto_graphics_asset_preview"	"VMUnityAutomation bfc612c350fbc83b37fd33b324670bd7dec7f447 publishes 'graphics/asset-preview' with its migrated input/output contract and handler; vm_automation_call exposes it as 'vm_auto_graphics_asset_preview' without an MCP transport."
"graphics/compare-images"	"custom_cli"	"vm_auto_graphics_compare_images"	"VMUnityAutomation bfc612c350fbc83b37fd33b324670bd7dec7f447 publishes 'graphics/compare-images' with its migrated input/output contract and handler; vm_automation_call exposes it as 'vm_auto_graphics_compare_images' without an MCP transport."
"graphics/image-alpha-bounds"	"custom_cli"	"vm_auto_graphics_image_alpha_bounds"	"VMUnityAutomation bfc612c350fbc83b37fd33b324670bd7dec7f447 publishes 'graphics/image-alpha-bounds' with its migrated input/output contract and handler; vm_automation_call exposes it as 'vm_auto_graphics_image_alpha_bounds' without an MCP transport."
"graphics/lighting-summary"	"custom_cli"	"vm_auto_graphics_lighting_summary"	"VMUnityAutomation bfc612c350fbc83b37fd33b324670bd7dec7f447 publishes 'graphics/lighting-summary' with its migrated input/output contract and handler; vm_automation_call exposes it as 'vm_auto_graphics_lighting_summary' without an MCP transport."
"graphics/material-info"	"custom_cli"	"vm_auto_graphics_material_info"	"VMUnityAutomation bfc612c350fbc83b37fd33b324670bd7dec7f447 publishes 'graphics/material-info' with its migrated input/output contract and handler; vm_automation_call exposes it as 'vm_auto_graphics_material_info' without an MCP transport."
"graphics/mesh-info"	"custom_cli"	"vm_auto_graphics_mesh_info"	"VMUnityAutomation bfc612c350fbc83b37fd33b324670bd7dec7f447 publishes 'graphics/mesh-info' with its migrated input/output contract and handler; vm_automation_call exposes it as 'vm_auto_graphics_mesh_info' without an MCP transport."
"graphics/rect-gap"	"custom_cli"	"vm_auto_graphics_rect_gap"	"VMUnityAutomation bfc612c350fbc83b37fd33b324670bd7dec7f447 publishes 'graphics/rect-gap' with its migrated input/output contract and handler; vm_automation_call exposes it as 'vm_auto_graphics_rect_gap' without an MCP transport."
"graphics/renderer-info"	"custom_cli"	"vm_auto_graphics_renderer_info"	"VMUnityAutomation bfc612c350fbc83b37fd33b324670bd7dec7f447 publishes 'graphics/renderer-info' with its migrated input/output contract and handler; vm_automation_call exposes it as 'vm_auto_graphics_renderer_info' without an MCP transport."
"input/add-action"	"custom_cli"	"vm_auto_input_add_action"	"VMUnityAutomation bfc612c350fbc83b37fd33b324670bd7dec7f447 publishes 'input/add-action' with its migrated input/output contract and handler; vm_automation_call exposes it as 'vm_auto_input_add_action' without an MCP transport."
"input/add-binding"	"custom_cli"	"vm_auto_input_add_binding"	"VMUnityAutomation bfc612c350fbc83b37fd33b324670bd7dec7f447 publishes 'input/add-binding' with its migrated input/output contract and handler; vm_automation_call exposes it as 'vm_auto_input_add_binding' without an MCP transport."
"input/add-composite-binding"	"custom_cli"	"vm_auto_input_add_composite_binding"	"VMUnityAutomation bfc612c350fbc83b37fd33b324670bd7dec7f447 publishes 'input/add-composite-binding' with its migrated input/output contract and handler; vm_automation_call exposes it as 'vm_auto_input_add_composite_binding' without an MCP transport."
"input/add-map"	"custom_cli"	"vm_auto_input_add_map"	"VMUnityAutomation bfc612c350fbc83b37fd33b324670bd7dec7f447 publishes 'input/add-map' with its migrated input/output contract and handler; vm_automation_call exposes it as 'vm_auto_input_add_map' without an MCP transport."
"input/create"	"custom_cli"	"vm_auto_input_create"	"VMUnityAutomation bfc612c350fbc83b37fd33b324670bd7dec7f447 publishes 'input/create' with its migrated input/output contract and handler; vm_automation_call exposes it as 'vm_auto_input_create' without an MCP transport."
"input/info"	"custom_cli"	"vm_auto_input_info"	"VMUnityAutomation bfc612c350fbc83b37fd33b324670bd7dec7f447 publishes 'input/info' with its migrated input/output contract and handler; vm_automation_call exposes it as 'vm_auto_input_info' without an MCP transport."
"input/remove-action"	"custom_cli"	"vm_auto_input_remove_action"	"VMUnityAutomation bfc612c350fbc83b37fd33b324670bd7dec7f447 publishes 'input/remove-action' with its migrated input/output contract and handler; vm_automation_call exposes it as 'vm_auto_input_remove_action' without an MCP transport."
"input/remove-map"	"custom_cli"	"vm_auto_input_remove_map"	"VMUnityAutomation bfc612c350fbc83b37fd33b324670bd7dec7f447 publishes 'input/remove-map' with its migrated input/output contract and handler; vm_automation_call exposes it as 'vm_auto_input_remove_map' without an MCP transport."
"instance/assert-project"	"merge_into"	"unity command --project-path|vm_editor_state"	"The official Unity CLI and five-command VM Pipeline facade own this transport/session concern after cutover; VMUnityAutomation bfc612c350fbc83b37fd33b324670bd7dec7f447 intentionally publishes no 'instance/assert-project' route."
"instance/current"	"merge_into"	"unity status|vm_editor_state"	"The official Unity CLI and five-command VM Pipeline facade own this transport/session concern after cutover; VMUnityAutomation bfc612c350fbc83b37fd33b324670bd7dec7f447 intentionally publishes no 'instance/current' route."
"instance/list"	"merge_into"	"unity status"	"The official Unity CLI and five-command VM Pipeline facade own this transport/session concern after cutover; VMUnityAutomation bfc612c350fbc83b37fd33b324670bd7dec7f447 intentionally publishes no 'instance/list' route."
"instance/resolve"	"merge_into"	"unity command --project-path"	"The official Unity CLI and five-command VM Pipeline facade own this transport/session concern after cutover; VMUnityAutomation bfc612c350fbc83b37fd33b324670bd7dec7f447 intentionally publishes no 'instance/resolve' route."
"jobs/cancel"	"custom_cli"	"vm_auto_jobs_cancel"	"VMUnityAutomation bfc612c350fbc83b37fd33b324670bd7dec7f447 publishes 'jobs/cancel' with its migrated input/output contract and handler; vm_automation_call exposes it as 'vm_auto_jobs_cancel' without an MCP transport."
"jobs/cleanup"	"custom_cli"	"vm_auto_jobs_cleanup"	"VMUnityAutomation bfc612c350fbc83b37fd33b324670bd7dec7f447 publishes 'jobs/cleanup' with its migrated input/output contract and handler; vm_automation_call exposes it as 'vm_auto_jobs_cleanup' without an MCP transport."
"jobs/get"	"custom_cli"	"vm_auto_jobs_get"	"VMUnityAutomation bfc612c350fbc83b37fd33b324670bd7dec7f447 publishes 'jobs/get' with its migrated input/output contract and handler; vm_automation_call exposes it as 'vm_auto_jobs_get' without an MCP transport."
"jobs/list"	"custom_cli"	"vm_auto_jobs_list"	"VMUnityAutomation bfc612c350fbc83b37fd33b324670bd7dec7f447 publishes 'jobs/list' with its migrated input/output contract and handler; vm_automation_call exposes it as 'vm_auto_jobs_list' without an MCP transport."
"lighting/create"	"custom_cli"	"vm_auto_lighting_create"	"VMUnityAutomation bfc612c350fbc83b37fd33b324670bd7dec7f447 publishes 'lighting/create' with its migrated input/output contract and handler; vm_automation_call exposes it as 'vm_auto_lighting_create' without an MCP transport."
"lighting/create-light-probe-group"	"custom_cli"	"vm_auto_lighting_create_light_probe_group"	"VMUnityAutomation bfc612c350fbc83b37fd33b324670bd7dec7f447 publishes 'lighting/create-light-probe-group' with its migrated input/output contract and handler; vm_automation_call exposes it as 'vm_auto_lighting_create_light_probe_group' without an MCP transport."
"lighting/create-reflection-probe"	"custom_cli"	"vm_auto_lighting_create_reflection_probe"	"VMUnityAutomation bfc612c350fbc83b37fd33b324670bd7dec7f447 publishes 'lighting/create-reflection-probe' with its migrated input/output contract and handler; vm_automation_call exposes it as 'vm_auto_lighting_create_reflection_probe' without an MCP transport."
"lighting/info"	"custom_cli"	"vm_auto_lighting_info"	"VMUnityAutomation bfc612c350fbc83b37fd33b324670bd7dec7f447 publishes 'lighting/info' with its migrated input/output contract and handler; vm_automation_call exposes it as 'vm_auto_lighting_info' without an MCP transport."
"lighting/set-environment"	"custom_cli"	"vm_auto_lighting_set_environment"	"VMUnityAutomation bfc612c350fbc83b37fd33b324670bd7dec7f447 publishes 'lighting/set-environment' with its migrated input/output contract and handler; vm_automation_call exposes it as 'vm_auto_lighting_set_environment' without an MCP transport."
"localization/collections"	"custom_cli"	"vm_auto_localization_collections"	"VMUnityAutomation bfc612c350fbc83b37fd33b324670bd7dec7f447 publishes 'localization/collections' with its migrated input/output contract and handler; vm_automation_call exposes it as 'vm_auto_localization_collections' without an MCP transport."
"localization/create-collection"	"custom_cli"	"vm_auto_localization_create_collection"	"VMUnityAutomation bfc612c350fbc83b37fd33b324670bd7dec7f447 publishes 'localization/create-collection' with its migrated input/output contract and handler; vm_automation_call exposes it as 'vm_auto_localization_create_collection' without an MCP transport."
"localization/create-locale"	"custom_cli"	"vm_auto_localization_create_locale"	"VMUnityAutomation bfc612c350fbc83b37fd33b324670bd7dec7f447 publishes 'localization/create-locale' with its migrated input/output contract and handler; vm_automation_call exposes it as 'vm_auto_localization_create_locale' without an MCP transport."
"localization/entries"	"custom_cli"	"vm_auto_localization_entries"	"VMUnityAutomation bfc612c350fbc83b37fd33b324670bd7dec7f447 publishes 'localization/entries' with its migrated input/output contract and handler; vm_automation_call exposes it as 'vm_auto_localization_entries' without an MCP transport."
"localization/locales"	"custom_cli"	"vm_auto_localization_locales"	"VMUnityAutomation bfc612c350fbc83b37fd33b324670bd7dec7f447 publishes 'localization/locales' with its migrated input/output contract and handler; vm_automation_call exposes it as 'vm_auto_localization_locales' without an MCP transport."
"localization/remove-entry"	"custom_cli"	"vm_auto_localization_remove_entry"	"VMUnityAutomation bfc612c350fbc83b37fd33b324670bd7dec7f447 publishes 'localization/remove-entry' with its migrated input/output contract and handler; vm_automation_call exposes it as 'vm_auto_localization_remove_entry' without an MCP transport."
"localization/remove-variable"	"custom_cli"	"vm_auto_localization_remove_variable"	"VMUnityAutomation bfc612c350fbc83b37fd33b324670bd7dec7f447 publishes 'localization/remove-variable' with its migrated input/output contract and handler; vm_automation_call exposes it as 'vm_auto_localization_remove_variable' without an MCP transport."
"localization/set-selected-locale"	"custom_cli"	"vm_auto_localization_set_selected_locale"	"VMUnityAutomation bfc612c350fbc83b37fd33b324670bd7dec7f447 publishes 'localization/set-selected-locale' with its migrated input/output contract and handler; vm_automation_call exposes it as 'vm_auto_localization_set_selected_locale' without an MCP transport."
"localization/settings"	"custom_cli"	"vm_auto_localization_settings"	"VMUnityAutomation bfc612c350fbc83b37fd33b324670bd7dec7f447 publishes 'localization/settings' with its migrated input/output contract and handler; vm_automation_call exposes it as 'vm_auto_localization_settings' without an MCP transport."
"localization/status"	"custom_cli"	"vm_auto_localization_status"	"VMUnityAutomation bfc612c350fbc83b37fd33b324670bd7dec7f447 publishes 'localization/status' with its migrated input/output contract and handler; vm_automation_call exposes it as 'vm_auto_localization_status' without an MCP transport."
"localization/upsert-entry"	"custom_cli"	"vm_auto_localization_upsert_entry"	"VMUnityAutomation bfc612c350fbc83b37fd33b324670bd7dec7f447 publishes 'localization/upsert-entry' with its migrated input/output contract and handler; vm_automation_call exposes it as 'vm_auto_localization_upsert_entry' without an MCP transport."
"localization/upsert-variable"	"custom_cli"	"vm_auto_localization_upsert_variable"	"VMUnityAutomation bfc612c350fbc83b37fd33b324670bd7dec7f447 publishes 'localization/upsert-variable' with its migrated input/output contract and handler; vm_automation_call exposes it as 'vm_auto_localization_upsert_variable' without an MCP transport."
"localization/validate"	"custom_cli"	"vm_auto_localization_validate"	"VMUnityAutomation bfc612c350fbc83b37fd33b324670bd7dec7f447 publishes 'localization/validate' with its migrated input/output contract and handler; vm_automation_call exposes it as 'vm_auto_localization_validate' without an MCP transport."
"localization/variables"	"custom_cli"	"vm_auto_localization_variables"	"VMUnityAutomation bfc612c350fbc83b37fd33b324670bd7dec7f447 publishes 'localization/variables' with its migrated input/output contract and handler; vm_automation_call exposes it as 'vm_auto_localization_variables' without an MCP transport."
"lod/create"	"custom_cli"	"vm_auto_lod_create"	"VMUnityAutomation bfc612c350fbc83b37fd33b324670bd7dec7f447 publishes 'lod/create' with its migrated input/output contract and handler; vm_automation_call exposes it as 'vm_auto_lod_create' without an MCP transport."
"lod/info"	"custom_cli"	"vm_auto_lod_info"	"VMUnityAutomation bfc612c350fbc83b37fd33b324670bd7dec7f447 publishes 'lod/info' with its migrated input/output contract and handler; vm_automation_call exposes it as 'vm_auto_lod_info' without an MCP transport."
"material/properties/get"	"custom_cli"	"vm_auto_material_properties_get"	"VMUnityAutomation bfc612c350fbc83b37fd33b324670bd7dec7f447 publishes 'material/properties/get' with its migrated input/output contract and handler; vm_automation_call exposes it as 'vm_auto_material_properties_get' without an MCP transport."
"material/properties/set"	"custom_cli"	"vm_auto_material_properties_set"	"VMUnityAutomation bfc612c350fbc83b37fd33b324670bd7dec7f447 publishes 'material/properties/set' with its migrated input/output contract and handler; vm_automation_call exposes it as 'vm_auto_material_properties_set' without an MCP transport."
"mcp/health"	"delete_redundant"	""	"Production consumer audit found no post-cutover caller; the official Unity CLI owns liveness, process, session, and logging concerns, and VMUnityAutomation bfc612c350fbc83b37fd33b324670bd7dec7f447 intentionally publishes no 'mcp/health' route."
"mcp/set-autostart"	"delete_redundant"	""	"Production consumer audit found no post-cutover caller; the official Unity CLI owns liveness, process, session, and logging concerns, and VMUnityAutomation bfc612c350fbc83b37fd33b324670bd7dec7f447 intentionally publishes no 'mcp/set-autostart' route."
"mppm/activate-player"	"custom_cli"	"vm_auto_mppm_activate_player"	"VMUnityAutomation bfc612c350fbc83b37fd33b324670bd7dec7f447 publishes 'mppm/activate-player' with its migrated input/output contract and handler; vm_automation_call exposes it as 'vm_auto_mppm_activate_player' without an MCP transport."
"mppm/deactivate-player"	"custom_cli"	"vm_auto_mppm_deactivate_player"	"VMUnityAutomation bfc612c350fbc83b37fd33b324670bd7dec7f447 publishes 'mppm/deactivate-player' with its migrated input/output contract and handler; vm_automation_call exposes it as 'vm_auto_mppm_deactivate_player' without an MCP transport."
"mppm/list-players"	"custom_cli"	"vm_auto_mppm_list_players"	"VMUnityAutomation bfc612c350fbc83b37fd33b324670bd7dec7f447 publishes 'mppm/list-players' with its migrated input/output contract and handler; vm_automation_call exposes it as 'vm_auto_mppm_list_players' without an MCP transport."
"navigation/add-agent"	"custom_cli"	"vm_auto_navigation_add_agent"	"VMUnityAutomation bfc612c350fbc83b37fd33b324670bd7dec7f447 publishes 'navigation/add-agent' with its migrated input/output contract and handler; vm_automation_call exposes it as 'vm_auto_navigation_add_agent' without an MCP transport."
"navigation/add-obstacle"	"custom_cli"	"vm_auto_navigation_add_obstacle"	"VMUnityAutomation bfc612c350fbc83b37fd33b324670bd7dec7f447 publishes 'navigation/add-obstacle' with its migrated input/output contract and handler; vm_automation_call exposes it as 'vm_auto_navigation_add_obstacle' without an MCP transport."
"navigation/bake"	"custom_cli"	"vm_auto_navigation_bake"	"VMUnityAutomation bfc612c350fbc83b37fd33b324670bd7dec7f447 publishes 'navigation/bake' with its migrated input/output contract and handler; vm_automation_call exposes it as 'vm_auto_navigation_bake' without an MCP transport."
"navigation/clear"	"custom_cli"	"vm_auto_navigation_clear"	"VMUnityAutomation bfc612c350fbc83b37fd33b324670bd7dec7f447 publishes 'navigation/clear' with its migrated input/output contract and handler; vm_automation_call exposes it as 'vm_auto_navigation_clear' without an MCP transport."
"navigation/info"	"custom_cli"	"vm_auto_navigation_info"	"VMUnityAutomation bfc612c350fbc83b37fd33b324670bd7dec7f447 publishes 'navigation/info' with its migrated input/output contract and handler; vm_automation_call exposes it as 'vm_auto_navigation_info' without an MCP transport."
"navigation/set-destination"	"custom_cli"	"vm_auto_navigation_set_destination"	"VMUnityAutomation bfc612c350fbc83b37fd33b324670bd7dec7f447 publishes 'navigation/set-destination' with its migrated input/output contract and handler; vm_automation_call exposes it as 'vm_auto_navigation_set_destination' without an MCP transport."
"packages/add"	"custom_cli"	"vm_auto_packages_add"	"VMUnityAutomation bfc612c350fbc83b37fd33b324670bd7dec7f447 publishes 'packages/add' with its migrated input/output contract and handler; vm_automation_call exposes it as 'vm_auto_packages_add' without an MCP transport."
"packages/info"	"custom_cli"	"vm_auto_packages_info"	"VMUnityAutomation bfc612c350fbc83b37fd33b324670bd7dec7f447 publishes 'packages/info' with its migrated input/output contract and handler; vm_automation_call exposes it as 'vm_auto_packages_info' without an MCP transport."
"packages/lint-metas"	"custom_cli"	"vm_auto_packages_lint_metas"	"VMUnityAutomation bfc612c350fbc83b37fd33b324670bd7dec7f447 publishes 'packages/lint-metas' with its migrated input/output contract and handler; vm_automation_call exposes it as 'vm_auto_packages_lint_metas' without an MCP transport."
"packages/list"	"custom_cli"	"vm_auto_packages_list"	"VMUnityAutomation bfc612c350fbc83b37fd33b324670bd7dec7f447 publishes 'packages/list' with its migrated input/output contract and handler; vm_automation_call exposes it as 'vm_auto_packages_list' without an MCP transport."
"packages/remove"	"custom_cli"	"vm_auto_packages_remove"	"VMUnityAutomation bfc612c350fbc83b37fd33b324670bd7dec7f447 publishes 'packages/remove' with its migrated input/output contract and handler; vm_automation_call exposes it as 'vm_auto_packages_remove' without an MCP transport."
"packages/resolve"	"custom_cli"	"vm_auto_packages_resolve"	"VMUnityAutomation bfc612c350fbc83b37fd33b324670bd7dec7f447 publishes 'packages/resolve' with its migrated input/output contract and handler; vm_automation_call exposes it as 'vm_auto_packages_resolve' without an MCP transport."
"packages/search"	"custom_cli"	"vm_auto_packages_search"	"VMUnityAutomation bfc612c350fbc83b37fd33b324670bd7dec7f447 publishes 'packages/search' with its migrated input/output contract and handler; vm_automation_call exposes it as 'vm_auto_packages_search' without an MCP transport."
"packages/status"	"custom_cli"	"vm_auto_packages_status"	"VMUnityAutomation bfc612c350fbc83b37fd33b324670bd7dec7f447 publishes 'packages/status' with its migrated input/output contract and handler; vm_automation_call exposes it as 'vm_auto_packages_status' without an MCP transport."
"packages/update-git"	"custom_cli"	"vm_auto_packages_update_git"	"VMUnityAutomation bfc612c350fbc83b37fd33b324670bd7dec7f447 publishes 'packages/update-git' with its migrated input/output contract and handler; vm_automation_call exposes it as 'vm_auto_packages_update_git' without an MCP transport."
"particle/create"	"custom_cli"	"vm_auto_particle_create"	"VMUnityAutomation bfc612c350fbc83b37fd33b324670bd7dec7f447 publishes 'particle/create' with its migrated input/output contract and handler; vm_automation_call exposes it as 'vm_auto_particle_create' without an MCP transport."
"particle/info"	"custom_cli"	"vm_auto_particle_info"	"VMUnityAutomation bfc612c350fbc83b37fd33b324670bd7dec7f447 publishes 'particle/info' with its migrated input/output contract and handler; vm_automation_call exposes it as 'vm_auto_particle_info' without an MCP transport."
"particle/playback"	"custom_cli"	"vm_auto_particle_playback"	"VMUnityAutomation bfc612c350fbc83b37fd33b324670bd7dec7f447 publishes 'particle/playback' with its migrated input/output contract and handler; vm_automation_call exposes it as 'vm_auto_particle_playback' without an MCP transport."
"particle/set-emission"	"custom_cli"	"vm_auto_particle_set_emission"	"VMUnityAutomation bfc612c350fbc83b37fd33b324670bd7dec7f447 publishes 'particle/set-emission' with its migrated input/output contract and handler; vm_automation_call exposes it as 'vm_auto_particle_set_emission' without an MCP transport."
"particle/set-main"	"custom_cli"	"vm_auto_particle_set_main"	"VMUnityAutomation bfc612c350fbc83b37fd33b324670bd7dec7f447 publishes 'particle/set-main' with its migrated input/output contract and handler; vm_automation_call exposes it as 'vm_auto_particle_set_main' without an MCP transport."
"particle/set-shape"	"custom_cli"	"vm_auto_particle_set_shape"	"VMUnityAutomation bfc612c350fbc83b37fd33b324670bd7dec7f447 publishes 'particle/set-shape' with its migrated input/output contract and handler; vm_automation_call exposes it as 'vm_auto_particle_set_shape' without an MCP transport."
"physics/collision-matrix"	"custom_cli"	"vm_auto_physics_collision_matrix"	"VMUnityAutomation bfc612c350fbc83b37fd33b324670bd7dec7f447 publishes 'physics/collision-matrix' with its migrated input/output contract and handler; vm_automation_call exposes it as 'vm_auto_physics_collision_matrix' without an MCP transport."
"physics/overlap-box"	"custom_cli"	"vm_auto_physics_overlap_box"	"VMUnityAutomation bfc612c350fbc83b37fd33b324670bd7dec7f447 publishes 'physics/overlap-box' with its migrated input/output contract and handler; vm_automation_call exposes it as 'vm_auto_physics_overlap_box' without an MCP transport."
"physics/overlap-sphere"	"custom_cli"	"vm_auto_physics_overlap_sphere"	"VMUnityAutomation bfc612c350fbc83b37fd33b324670bd7dec7f447 publishes 'physics/overlap-sphere' with its migrated input/output contract and handler; vm_automation_call exposes it as 'vm_auto_physics_overlap_sphere' without an MCP transport."
"physics/raycast"	"custom_cli"	"vm_auto_physics_raycast"	"VMUnityAutomation bfc612c350fbc83b37fd33b324670bd7dec7f447 publishes 'physics/raycast' with its migrated input/output contract and handler; vm_automation_call exposes it as 'vm_auto_physics_raycast' without an MCP transport."
"physics/set-collision-layer"	"custom_cli"	"vm_auto_physics_set_collision_layer"	"VMUnityAutomation bfc612c350fbc83b37fd33b324670bd7dec7f447 publishes 'physics/set-collision-layer' with its migrated input/output contract and handler; vm_automation_call exposes it as 'vm_auto_physics_set_collision_layer' without an MCP transport."
"physics/set-gravity"	"custom_cli"	"vm_auto_physics_set_gravity"	"VMUnityAutomation bfc612c350fbc83b37fd33b324670bd7dec7f447 publishes 'physics/set-gravity' with its migrated input/output contract and handler; vm_automation_call exposes it as 'vm_auto_physics_set_gravity' without an MCP transport."
"ping"	"delete_redundant"	""	"Production consumer audit found no post-cutover caller; the official Unity CLI owns liveness, process, session, and logging concerns, and VMUnityAutomation bfc612c350fbc83b37fd33b324670bd7dec7f447 intentionally publishes no 'ping' route."
"playerprefs/delete"	"custom_cli"	"vm_auto_playerprefs_delete"	"VMUnityAutomation bfc612c350fbc83b37fd33b324670bd7dec7f447 publishes 'playerprefs/delete' with its migrated input/output contract and handler; vm_automation_call exposes it as 'vm_auto_playerprefs_delete' without an MCP transport."
"playerprefs/delete-all"	"custom_cli"	"vm_auto_playerprefs_delete_all"	"VMUnityAutomation bfc612c350fbc83b37fd33b324670bd7dec7f447 publishes 'playerprefs/delete-all' with its migrated input/output contract and handler; vm_automation_call exposes it as 'vm_auto_playerprefs_delete_all' without an MCP transport."
"playerprefs/get"	"custom_cli"	"vm_auto_playerprefs_get"	"VMUnityAutomation bfc612c350fbc83b37fd33b324670bd7dec7f447 publishes 'playerprefs/get' with its migrated input/output contract and handler; vm_automation_call exposes it as 'vm_auto_playerprefs_get' without an MCP transport."
"playerprefs/set"	"custom_cli"	"vm_auto_playerprefs_set"	"VMUnityAutomation bfc612c350fbc83b37fd33b324670bd7dec7f447 publishes 'playerprefs/set' with its migrated input/output contract and handler; vm_automation_call exposes it as 'vm_auto_playerprefs_set' without an MCP transport."
"prefab-asset/add-component"	"custom_cli"	"vm_auto_prefab_asset_add_component"	"VMUnityAutomation bfc612c350fbc83b37fd33b324670bd7dec7f447 publishes 'prefab-asset/add-component' with its migrated input/output contract and handler; vm_automation_call exposes it as 'vm_auto_prefab_asset_add_component' without an MCP transport."
"prefab-asset/add-gameobject"	"custom_cli"	"vm_auto_prefab_asset_add_gameobject"	"VMUnityAutomation bfc612c350fbc83b37fd33b324670bd7dec7f447 publishes 'prefab-asset/add-gameobject' with its migrated input/output contract and handler; vm_automation_call exposes it as 'vm_auto_prefab_asset_add_gameobject' without an MCP transport."
"prefab-asset/apply-variant-override"	"custom_cli"	"vm_auto_prefab_asset_apply_variant_override"	"VMUnityAutomation bfc612c350fbc83b37fd33b324670bd7dec7f447 publishes 'prefab-asset/apply-variant-override' with its migrated input/output contract and handler; vm_automation_call exposes it as 'vm_auto_prefab_asset_apply_variant_override' without an MCP transport."
"prefab-asset/cleanup-missing-overrides"	"custom_cli"	"vm_auto_prefab_asset_cleanup_missing_overrides"	"VMUnityAutomation bfc612c350fbc83b37fd33b324670bd7dec7f447 publishes 'prefab-asset/cleanup-missing-overrides' with its migrated input/output contract and handler; vm_automation_call exposes it as 'vm_auto_prefab_asset_cleanup_missing_overrides' without an MCP transport."
"prefab-asset/compare-variant"	"custom_cli"	"vm_auto_prefab_asset_compare_variant"	"VMUnityAutomation bfc612c350fbc83b37fd33b324670bd7dec7f447 publishes 'prefab-asset/compare-variant' with its migrated input/output contract and handler; vm_automation_call exposes it as 'vm_auto_prefab_asset_compare_variant' without an MCP transport."
"prefab-asset/configure-component"	"custom_cli"	"vm_auto_prefab_asset_configure_component"	"VMUnityAutomation bfc612c350fbc83b37fd33b324670bd7dec7f447 publishes 'prefab-asset/configure-component' with its migrated input/output contract and handler; vm_automation_call exposes it as 'vm_auto_prefab_asset_configure_component' without an MCP transport."
"prefab-asset/find"	"custom_cli"	"vm_auto_prefab_asset_find"	"VMUnityAutomation bfc612c350fbc83b37fd33b324670bd7dec7f447 publishes 'prefab-asset/find' with its migrated input/output contract and handler; vm_automation_call exposes it as 'vm_auto_prefab_asset_find' without an MCP transport."
"prefab-asset/get-properties"	"custom_cli"	"vm_auto_prefab_asset_get_properties"	"VMUnityAutomation bfc612c350fbc83b37fd33b324670bd7dec7f447 publishes 'prefab-asset/get-properties' with its migrated input/output contract and handler; vm_automation_call exposes it as 'vm_auto_prefab_asset_get_properties' without an MCP transport."
"prefab-asset/hierarchy"	"custom_cli"	"vm_auto_prefab_asset_hierarchy"	"VMUnityAutomation bfc612c350fbc83b37fd33b324670bd7dec7f447 publishes 'prefab-asset/hierarchy' with its migrated input/output contract and handler; vm_automation_call exposes it as 'vm_auto_prefab_asset_hierarchy' without an MCP transport."
"prefab-asset/instantiate-child-prefab"	"custom_cli"	"vm_auto_prefab_asset_instantiate_child_prefab"	"VMUnityAutomation bfc612c350fbc83b37fd33b324670bd7dec7f447 publishes 'prefab-asset/instantiate-child-prefab' with its migrated input/output contract and handler; vm_automation_call exposes it as 'vm_auto_prefab_asset_instantiate_child_prefab' without an MCP transport."
"prefab-asset/move-component"	"custom_cli"	"vm_auto_prefab_asset_move_component"	"VMUnityAutomation bfc612c350fbc83b37fd33b324670bd7dec7f447 publishes 'prefab-asset/move-component' with its migrated input/output contract and handler; vm_automation_call exposes it as 'vm_auto_prefab_asset_move_component' without an MCP transport."
"prefab-asset/move-gameobject"	"custom_cli"	"vm_auto_prefab_asset_move_gameobject"	"VMUnityAutomation bfc612c350fbc83b37fd33b324670bd7dec7f447 publishes 'prefab-asset/move-gameobject' with its migrated input/output contract and handler; vm_automation_call exposes it as 'vm_auto_prefab_asset_move_gameobject' without an MCP transport."
"prefab-asset/remove-component"	"custom_cli"	"vm_auto_prefab_asset_remove_component"	"VMUnityAutomation bfc612c350fbc83b37fd33b324670bd7dec7f447 publishes 'prefab-asset/remove-component' with its migrated input/output contract and handler; vm_automation_call exposes it as 'vm_auto_prefab_asset_remove_component' without an MCP transport."
"prefab-asset/remove-gameobject"	"custom_cli"	"vm_auto_prefab_asset_remove_gameobject"	"VMUnityAutomation bfc612c350fbc83b37fd33b324670bd7dec7f447 publishes 'prefab-asset/remove-gameobject' with its migrated input/output contract and handler; vm_automation_call exposes it as 'vm_auto_prefab_asset_remove_gameobject' without an MCP transport."
"prefab-asset/revert-variant-override"	"custom_cli"	"vm_auto_prefab_asset_revert_variant_override"	"VMUnityAutomation bfc612c350fbc83b37fd33b324670bd7dec7f447 publishes 'prefab-asset/revert-variant-override' with its migrated input/output contract and handler; vm_automation_call exposes it as 'vm_auto_prefab_asset_revert_variant_override' without an MCP transport."
"prefab-asset/set-property"	"custom_cli"	"vm_auto_prefab_asset_set_property"	"VMUnityAutomation bfc612c350fbc83b37fd33b324670bd7dec7f447 publishes 'prefab-asset/set-property' with its migrated input/output contract and handler; vm_automation_call exposes it as 'vm_auto_prefab_asset_set_property' without an MCP transport."
"prefab-asset/set-reference"	"custom_cli"	"vm_auto_prefab_asset_set_reference"	"VMUnityAutomation bfc612c350fbc83b37fd33b324670bd7dec7f447 publishes 'prefab-asset/set-reference' with its migrated input/output contract and handler; vm_automation_call exposes it as 'vm_auto_prefab_asset_set_reference' without an MCP transport."
"prefab-asset/transaction-edit"	"custom_cli"	"vm_auto_prefab_asset_transaction_edit"	"VMUnityAutomation bfc612c350fbc83b37fd33b324670bd7dec7f447 publishes 'prefab-asset/transaction-edit' with its migrated input/output contract and handler; vm_automation_call exposes it as 'vm_auto_prefab_asset_transaction_edit' without an MCP transport."
"prefab-asset/transfer-variant-overrides"	"custom_cli"	"vm_auto_prefab_asset_transfer_variant_overrides"	"VMUnityAutomation bfc612c350fbc83b37fd33b324670bd7dec7f447 publishes 'prefab-asset/transfer-variant-overrides' with its migrated input/output contract and handler; vm_automation_call exposes it as 'vm_auto_prefab_asset_transfer_variant_overrides' without an MCP transport."
"prefab-asset/variant-info"	"custom_cli"	"vm_auto_prefab_asset_variant_info"	"VMUnityAutomation bfc612c350fbc83b37fd33b324670bd7dec7f447 publishes 'prefab-asset/variant-info' with its migrated input/output contract and handler; vm_automation_call exposes it as 'vm_auto_prefab_asset_variant_info' without an MCP transport."
"prefab/apply-overrides"	"custom_cli"	"vm_auto_prefab_apply_overrides"	"VMUnityAutomation bfc612c350fbc83b37fd33b324670bd7dec7f447 publishes 'prefab/apply-overrides' with its migrated input/output contract and handler; vm_automation_call exposes it as 'vm_auto_prefab_apply_overrides' without an MCP transport."
"prefab/create-variant"	"custom_cli"	"vm_auto_prefab_create_variant"	"VMUnityAutomation bfc612c350fbc83b37fd33b324670bd7dec7f447 publishes 'prefab/create-variant' with its migrated input/output contract and handler; vm_automation_call exposes it as 'vm_auto_prefab_create_variant' without an MCP transport."
"prefab/info"	"custom_cli"	"vm_auto_prefab_info"	"VMUnityAutomation bfc612c350fbc83b37fd33b324670bd7dec7f447 publishes 'prefab/info' with its migrated input/output contract and handler; vm_automation_call exposes it as 'vm_auto_prefab_info' without an MCP transport."
"prefab/revert-overrides"	"custom_cli"	"vm_auto_prefab_revert_overrides"	"VMUnityAutomation bfc612c350fbc83b37fd33b324670bd7dec7f447 publishes 'prefab/revert-overrides' with its migrated input/output contract and handler; vm_automation_call exposes it as 'vm_auto_prefab_revert_overrides' without an MCP transport."
"prefab/unpack"	"custom_cli"	"vm_auto_prefab_unpack"	"VMUnityAutomation bfc612c350fbc83b37fd33b324670bd7dec7f447 publishes 'prefab/unpack' with its migrated input/output contract and handler; vm_automation_call exposes it as 'vm_auto_prefab_unpack' without an MCP transport."
"profiler/analyze"	"custom_cli"	"vm_auto_profiler_analyze"	"VMUnityAutomation bfc612c350fbc83b37fd33b324670bd7dec7f447 publishes 'profiler/analyze' with its migrated input/output contract and handler; vm_automation_call exposes it as 'vm_auto_profiler_analyze' without an MCP transport."
"profiler/enable"	"custom_cli"	"vm_auto_profiler_enable"	"VMUnityAutomation bfc612c350fbc83b37fd33b324670bd7dec7f447 publishes 'profiler/enable' with its migrated input/output contract and handler; vm_automation_call exposes it as 'vm_auto_profiler_enable' without an MCP transport."
"profiler/frame-data"	"custom_cli"	"vm_auto_profiler_frame_data"	"VMUnityAutomation bfc612c350fbc83b37fd33b324670bd7dec7f447 publishes 'profiler/frame-data' with its migrated input/output contract and handler; vm_automation_call exposes it as 'vm_auto_profiler_frame_data' without an MCP transport."
"profiler/memory"	"custom_cli"	"vm_auto_profiler_memory"	"VMUnityAutomation bfc612c350fbc83b37fd33b324670bd7dec7f447 publishes 'profiler/memory' with its migrated input/output contract and handler; vm_automation_call exposes it as 'vm_auto_profiler_memory' without an MCP transport."
"profiler/memory-breakdown"	"custom_cli"	"vm_auto_profiler_memory_breakdown"	"VMUnityAutomation bfc612c350fbc83b37fd33b324670bd7dec7f447 publishes 'profiler/memory-breakdown' with its migrated input/output contract and handler; vm_automation_call exposes it as 'vm_auto_profiler_memory_breakdown' without an MCP transport."
"profiler/memory-snapshot"	"custom_cli"	"vm_auto_profiler_memory_snapshot"	"VMUnityAutomation bfc612c350fbc83b37fd33b324670bd7dec7f447 publishes 'profiler/memory-snapshot' with its migrated input/output contract and handler; vm_automation_call exposes it as 'vm_auto_profiler_memory_snapshot' without an MCP transport."
"profiler/memory-snapshot-status"	"custom_cli"	"vm_auto_profiler_memory_snapshot_status"	"VMUnityAutomation bfc612c350fbc83b37fd33b324670bd7dec7f447 publishes 'profiler/memory-snapshot-status' with its migrated input/output contract and handler; vm_automation_call exposes it as 'vm_auto_profiler_memory_snapshot_status' without an MCP transport."
"profiler/memory-status"	"custom_cli"	"vm_auto_profiler_memory_status"	"VMUnityAutomation bfc612c350fbc83b37fd33b324670bd7dec7f447 publishes 'profiler/memory-status' with its migrated input/output contract and handler; vm_automation_call exposes it as 'vm_auto_profiler_memory_status' without an MCP transport."
"profiler/memory-top-assets"	"custom_cli"	"vm_auto_profiler_memory_top_assets"	"VMUnityAutomation bfc612c350fbc83b37fd33b324670bd7dec7f447 publishes 'profiler/memory-top-assets' with its migrated input/output contract and handler; vm_automation_call exposes it as 'vm_auto_profiler_memory_top_assets' without an MCP transport."
"profiler/stats"	"custom_cli"	"vm_auto_profiler_stats"	"VMUnityAutomation bfc612c350fbc83b37fd33b324670bd7dec7f447 publishes 'profiler/stats' with its migrated input/output contract and handler; vm_automation_call exposes it as 'vm_auto_profiler_stats' without an MCP transport."
"project-auditor/audit"	"custom_cli"	"vm_auto_project_auditor_audit"	"VMUnityAutomation bfc612c350fbc83b37fd33b324670bd7dec7f447 publishes 'project-auditor/audit' with its migrated input/output contract and handler; vm_automation_call exposes it as 'vm_auto_project_auditor_audit' without an MCP transport."
"project/info"	"custom_cli"	"vm_auto_project_info"	"VMUnityAutomation bfc612c350fbc83b37fd33b324670bd7dec7f447 publishes 'project/info' with its migrated input/output contract and handler; vm_automation_call exposes it as 'vm_auto_project_info' without an MCP transport."
"renderer/set-material"	"custom_cli"	"vm_auto_renderer_set_material"	"VMUnityAutomation bfc612c350fbc83b37fd33b324670bd7dec7f447 publishes 'renderer/set-material' with its migrated input/output contract and handler; vm_automation_call exposes it as 'vm_auto_renderer_set_material' without an MCP transport."
"scenario/activate"	"custom_cli"	"vm_auto_scenario_activate"	"VMUnityAutomation bfc612c350fbc83b37fd33b324670bd7dec7f447 publishes 'scenario/activate' with its migrated input/output contract and handler; vm_automation_call exposes it as 'vm_auto_scenario_activate' without an MCP transport."
"scenario/create"	"custom_cli"	"vm_auto_scenario_create"	"VMUnityAutomation bfc612c350fbc83b37fd33b324670bd7dec7f447 publishes 'scenario/create' with its migrated input/output contract and handler; vm_automation_call exposes it as 'vm_auto_scenario_create' without an MCP transport."
"scenario/info"	"custom_cli"	"vm_auto_scenario_info"	"VMUnityAutomation bfc612c350fbc83b37fd33b324670bd7dec7f447 publishes 'scenario/info' with its migrated input/output contract and handler; vm_automation_call exposes it as 'vm_auto_scenario_info' without an MCP transport."
"scenario/list"	"custom_cli"	"vm_auto_scenario_list"	"VMUnityAutomation bfc612c350fbc83b37fd33b324670bd7dec7f447 publishes 'scenario/list' with its migrated input/output contract and handler; vm_automation_call exposes it as 'vm_auto_scenario_list' without an MCP transport."
"scenario/start"	"custom_cli"	"vm_auto_scenario_start"	"VMUnityAutomation bfc612c350fbc83b37fd33b324670bd7dec7f447 publishes 'scenario/start' with its migrated input/output contract and handler; vm_automation_call exposes it as 'vm_auto_scenario_start' without an MCP transport."
"scenario/status"	"custom_cli"	"vm_auto_scenario_status"	"VMUnityAutomation bfc612c350fbc83b37fd33b324670bd7dec7f447 publishes 'scenario/status' with its migrated input/output contract and handler; vm_automation_call exposes it as 'vm_auto_scenario_status' without an MCP transport."
"scenario/stop"	"custom_cli"	"vm_auto_scenario_stop"	"VMUnityAutomation bfc612c350fbc83b37fd33b324670bd7dec7f447 publishes 'scenario/stop' with its migrated input/output contract and handler; vm_automation_call exposes it as 'vm_auto_scenario_stop' without an MCP transport."
"scene/hierarchy"	"custom_cli"	"vm_auto_scene_hierarchy"	"VMUnityAutomation bfc612c350fbc83b37fd33b324670bd7dec7f447 publishes 'scene/hierarchy' with its migrated input/output contract and handler; vm_automation_call exposes it as 'vm_auto_scene_hierarchy' without an MCP transport."
"scene/info"	"custom_cli"	"vm_auto_scene_info"	"VMUnityAutomation bfc612c350fbc83b37fd33b324670bd7dec7f447 publishes 'scene/info' with its migrated input/output contract and handler; vm_automation_call exposes it as 'vm_auto_scene_info' without an MCP transport."
"scene/instantiate-prefab"	"custom_cli"	"vm_auto_scene_instantiate_prefab"	"VMUnityAutomation bfc612c350fbc83b37fd33b324670bd7dec7f447 publishes 'scene/instantiate-prefab' with its migrated input/output contract and handler; vm_automation_call exposes it as 'vm_auto_scene_instantiate_prefab' without an MCP transport."
"scene/new"	"custom_cli"	"vm_auto_scene_new"	"VMUnityAutomation bfc612c350fbc83b37fd33b324670bd7dec7f447 publishes 'scene/new' with its migrated input/output contract and handler; vm_automation_call exposes it as 'vm_auto_scene_new' without an MCP transport."
"scene/open"	"custom_cli"	"vm_auto_scene_open"	"VMUnityAutomation bfc612c350fbc83b37fd33b324670bd7dec7f447 publishes 'scene/open' with its migrated input/output contract and handler; vm_automation_call exposes it as 'vm_auto_scene_open' without an MCP transport."
"scene/save"	"custom_cli"	"vm_auto_scene_save"	"VMUnityAutomation bfc612c350fbc83b37fd33b324670bd7dec7f447 publishes 'scene/save' with its migrated input/output contract and handler; vm_automation_call exposes it as 'vm_auto_scene_save' without an MCP transport."
"scene/workspace"	"custom_cli"	"vm_auto_scene_workspace"	"VMUnityAutomation bfc612c350fbc83b37fd33b324670bd7dec7f447 publishes 'scene/workspace' with its migrated input/output contract and handler; vm_automation_call exposes it as 'vm_auto_scene_workspace' without an MCP transport."
"sceneview/info"	"custom_cli"	"vm_auto_sceneview_info"	"VMUnityAutomation bfc612c350fbc83b37fd33b324670bd7dec7f447 publishes 'sceneview/info' with its migrated input/output contract and handler; vm_automation_call exposes it as 'vm_auto_sceneview_info' without an MCP transport."
"sceneview/set-camera"	"custom_cli"	"vm_auto_sceneview_set_camera"	"VMUnityAutomation bfc612c350fbc83b37fd33b324670bd7dec7f447 publishes 'sceneview/set-camera' with its migrated input/output contract and handler; vm_automation_call exposes it as 'vm_auto_sceneview_set_camera' without an MCP transport."
"screenshot/crop"	"custom_cli"	"vm_auto_screenshot_crop"	"VMUnityAutomation bfc612c350fbc83b37fd33b324670bd7dec7f447 publishes 'screenshot/crop' with its migrated input/output contract and handler; vm_automation_call exposes it as 'vm_auto_screenshot_crop' without an MCP transport."
"screenshot/editor-window"	"custom_cli"	"vm_auto_screenshot_editor_window"	"VMUnityAutomation bfc612c350fbc83b37fd33b324670bd7dec7f447 publishes 'screenshot/editor-window' with its migrated input/output contract and handler; vm_automation_call exposes it as 'vm_auto_screenshot_editor_window' without an MCP transport."
"screenshot/game"	"custom_cli"	"vm_auto_screenshot_game"	"VMUnityAutomation bfc612c350fbc83b37fd33b324670bd7dec7f447 publishes 'screenshot/game' with its migrated input/output contract and handler; vm_automation_call exposes it as 'vm_auto_screenshot_game' without an MCP transport."
"screenshot/scene"	"custom_cli"	"vm_auto_screenshot_scene"	"VMUnityAutomation bfc612c350fbc83b37fd33b324670bd7dec7f447 publishes 'screenshot/scene' with its migrated input/output contract and handler; vm_automation_call exposes it as 'vm_auto_screenshot_scene' without an MCP transport."
"script/create"	"custom_cli"	"vm_auto_script_create"	"VMUnityAutomation bfc612c350fbc83b37fd33b324670bd7dec7f447 publishes 'script/create' with its migrated input/output contract and handler; vm_automation_call exposes it as 'vm_auto_script_create' without an MCP transport."
"script/read"	"custom_cli"	"vm_auto_script_read"	"VMUnityAutomation bfc612c350fbc83b37fd33b324670bd7dec7f447 publishes 'script/read' with its migrated input/output contract and handler; vm_automation_call exposes it as 'vm_auto_script_read' without an MCP transport."
"script/update"	"custom_cli"	"vm_auto_script_update"	"VMUnityAutomation bfc612c350fbc83b37fd33b324670bd7dec7f447 publishes 'script/update' with its migrated input/output contract and handler; vm_automation_call exposes it as 'vm_auto_script_update' without an MCP transport."
"scriptableobject/create"	"custom_cli"	"vm_auto_scriptableobject_create"	"VMUnityAutomation bfc612c350fbc83b37fd33b324670bd7dec7f447 publishes 'scriptableobject/create' with its migrated input/output contract and handler; vm_automation_call exposes it as 'vm_auto_scriptableobject_create' without an MCP transport."
"scriptableobject/info"	"custom_cli"	"vm_auto_scriptableobject_info"	"VMUnityAutomation bfc612c350fbc83b37fd33b324670bd7dec7f447 publishes 'scriptableobject/info' with its migrated input/output contract and handler; vm_automation_call exposes it as 'vm_auto_scriptableobject_info' without an MCP transport."
"scriptableobject/list-types"	"custom_cli"	"vm_auto_scriptableobject_list_types"	"VMUnityAutomation bfc612c350fbc83b37fd33b324670bd7dec7f447 publishes 'scriptableobject/list-types' with its migrated input/output contract and handler; vm_automation_call exposes it as 'vm_auto_scriptableobject_list_types' without an MCP transport."
"scriptableobject/set-field"	"custom_cli"	"vm_auto_scriptableobject_set_field"	"VMUnityAutomation bfc612c350fbc83b37fd33b324670bd7dec7f447 publishes 'scriptableobject/set-field' with its migrated input/output contract and handler; vm_automation_call exposes it as 'vm_auto_scriptableobject_set_field' without an MCP transport."
"search/missing-references"	"custom_cli"	"vm_auto_search_missing_references"	"VMUnityAutomation bfc612c350fbc83b37fd33b324670bd7dec7f447 publishes 'search/missing-references' with its migrated input/output contract and handler; vm_automation_call exposes it as 'vm_auto_search_missing_references' without an MCP transport."
"search/scene"	"custom_cli"	"vm_auto_search_scene"	"VMUnityAutomation bfc612c350fbc83b37fd33b324670bd7dec7f447 publishes 'search/scene' with its migrated input/output contract and handler; vm_automation_call exposes it as 'vm_auto_search_scene' without an MCP transport."
"search/scene-stats"	"custom_cli"	"vm_auto_search_scene_stats"	"VMUnityAutomation bfc612c350fbc83b37fd33b324670bd7dec7f447 publishes 'search/scene-stats' with its migrated input/output contract and handler; vm_automation_call exposes it as 'vm_auto_search_scene_stats' without an MCP transport."
"selection/focus-scene-view"	"custom_cli"	"vm_auto_selection_focus_scene_view"	"VMUnityAutomation bfc612c350fbc83b37fd33b324670bd7dec7f447 publishes 'selection/focus-scene-view' with its migrated input/output contract and handler; vm_automation_call exposes it as 'vm_auto_selection_focus_scene_view' without an MCP transport."
"selection/get"	"custom_cli"	"vm_auto_selection_get"	"VMUnityAutomation bfc612c350fbc83b37fd33b324670bd7dec7f447 publishes 'selection/get' with its migrated input/output contract and handler; vm_automation_call exposes it as 'vm_auto_selection_get' without an MCP transport."
"selection/set"	"custom_cli"	"vm_auto_selection_set"	"VMUnityAutomation bfc612c350fbc83b37fd33b324670bd7dec7f447 publishes 'selection/set' with its migrated input/output contract and handler; vm_automation_call exposes it as 'vm_auto_selection_set' without an MCP transport."
"serialized-object/get"	"custom_cli"	"vm_auto_serialized_object_get"	"VMUnityAutomation bfc612c350fbc83b37fd33b324670bd7dec7f447 publishes 'serialized-object/get' with its migrated input/output contract and handler; vm_automation_call exposes it as 'vm_auto_serialized_object_get' without an MCP transport."
"serialized-object/set"	"custom_cli"	"vm_auto_serialized_object_set"	"VMUnityAutomation bfc612c350fbc83b37fd33b324670bd7dec7f447 publishes 'serialized-object/set' with its migrated input/output contract and handler; vm_automation_call exposes it as 'vm_auto_serialized_object_set' without an MCP transport."
"settings/physics"	"custom_cli"	"vm_auto_settings_physics"	"VMUnityAutomation bfc612c350fbc83b37fd33b324670bd7dec7f447 publishes 'settings/physics' with its migrated input/output contract and handler; vm_automation_call exposes it as 'vm_auto_settings_physics' without an MCP transport."
"settings/player"	"custom_cli"	"vm_auto_settings_player"	"VMUnityAutomation bfc612c350fbc83b37fd33b324670bd7dec7f447 publishes 'settings/player' with its migrated input/output contract and handler; vm_automation_call exposes it as 'vm_auto_settings_player' without an MCP transport."
"settings/quality"	"custom_cli"	"vm_auto_settings_quality"	"VMUnityAutomation bfc612c350fbc83b37fd33b324670bd7dec7f447 publishes 'settings/quality' with its migrated input/output contract and handler; vm_automation_call exposes it as 'vm_auto_settings_quality' without an MCP transport."
"settings/quality-level"	"custom_cli"	"vm_auto_settings_quality_level"	"VMUnityAutomation bfc612c350fbc83b37fd33b324670bd7dec7f447 publishes 'settings/quality-level' with its migrated input/output contract and handler; vm_automation_call exposes it as 'vm_auto_settings_quality_level' without an MCP transport."
"settings/render-pipeline"	"custom_cli"	"vm_auto_settings_render_pipeline"	"VMUnityAutomation bfc612c350fbc83b37fd33b324670bd7dec7f447 publishes 'settings/render-pipeline' with its migrated input/output contract and handler; vm_automation_call exposes it as 'vm_auto_settings_render_pipeline' without an MCP transport."
"settings/set-physics"	"custom_cli"	"vm_auto_settings_set_physics"	"VMUnityAutomation bfc612c350fbc83b37fd33b324670bd7dec7f447 publishes 'settings/set-physics' with its migrated input/output contract and handler; vm_automation_call exposes it as 'vm_auto_settings_set_physics' without an MCP transport."
"settings/set-player"	"custom_cli"	"vm_auto_settings_set_player"	"VMUnityAutomation bfc612c350fbc83b37fd33b324670bd7dec7f447 publishes 'settings/set-player' with its migrated input/output contract and handler; vm_automation_call exposes it as 'vm_auto_settings_set_player' without an MCP transport."
"settings/set-time"	"custom_cli"	"vm_auto_settings_set_time"	"VMUnityAutomation bfc612c350fbc83b37fd33b324670bd7dec7f447 publishes 'settings/set-time' with its migrated input/output contract and handler; vm_automation_call exposes it as 'vm_auto_settings_set_time' without an MCP transport."
"settings/time"	"custom_cli"	"vm_auto_settings_time"	"VMUnityAutomation bfc612c350fbc83b37fd33b324670bd7dec7f447 publishes 'settings/time' with its migrated input/output contract and handler; vm_automation_call exposes it as 'vm_auto_settings_time' without an MCP transport."
"shadergraph/add-node"	"custom_cli"	"vm_auto_shadergraph_add_node"	"VMUnityAutomation bfc612c350fbc83b37fd33b324670bd7dec7f447 publishes 'shadergraph/add-node' with its migrated input/output contract and handler; vm_automation_call exposes it as 'vm_auto_shadergraph_add_node' without an MCP transport."
"shadergraph/connect"	"custom_cli"	"vm_auto_shadergraph_connect"	"VMUnityAutomation bfc612c350fbc83b37fd33b324670bd7dec7f447 publishes 'shadergraph/connect' with its migrated input/output contract and handler; vm_automation_call exposes it as 'vm_auto_shadergraph_connect' without an MCP transport."
"shadergraph/create"	"custom_cli"	"vm_auto_shadergraph_create"	"VMUnityAutomation bfc612c350fbc83b37fd33b324670bd7dec7f447 publishes 'shadergraph/create' with its migrated input/output contract and handler; vm_automation_call exposes it as 'vm_auto_shadergraph_create' without an MCP transport."
"shadergraph/disconnect"	"custom_cli"	"vm_auto_shadergraph_disconnect"	"VMUnityAutomation bfc612c350fbc83b37fd33b324670bd7dec7f447 publishes 'shadergraph/disconnect' with its migrated input/output contract and handler; vm_automation_call exposes it as 'vm_auto_shadergraph_disconnect' without an MCP transport."
"shadergraph/get-edges"	"custom_cli"	"vm_auto_shadergraph_get_edges"	"VMUnityAutomation bfc612c350fbc83b37fd33b324670bd7dec7f447 publishes 'shadergraph/get-edges' with its migrated input/output contract and handler; vm_automation_call exposes it as 'vm_auto_shadergraph_get_edges' without an MCP transport."
"shadergraph/get-node-types"	"custom_cli"	"vm_auto_shadergraph_get_node_types"	"VMUnityAutomation bfc612c350fbc83b37fd33b324670bd7dec7f447 publishes 'shadergraph/get-node-types' with its migrated input/output contract and handler; vm_automation_call exposes it as 'vm_auto_shadergraph_get_node_types' without an MCP transport."
"shadergraph/get-nodes"	"custom_cli"	"vm_auto_shadergraph_get_nodes"	"VMUnityAutomation bfc612c350fbc83b37fd33b324670bd7dec7f447 publishes 'shadergraph/get-nodes' with its migrated input/output contract and handler; vm_automation_call exposes it as 'vm_auto_shadergraph_get_nodes' without an MCP transport."
"shadergraph/get-properties"	"custom_cli"	"vm_auto_shadergraph_get_properties"	"VMUnityAutomation bfc612c350fbc83b37fd33b324670bd7dec7f447 publishes 'shadergraph/get-properties' with its migrated input/output contract and handler; vm_automation_call exposes it as 'vm_auto_shadergraph_get_properties' without an MCP transport."
"shadergraph/info"	"custom_cli"	"vm_auto_shadergraph_info"	"VMUnityAutomation bfc612c350fbc83b37fd33b324670bd7dec7f447 publishes 'shadergraph/info' with its migrated input/output contract and handler; vm_automation_call exposes it as 'vm_auto_shadergraph_info' without an MCP transport."
"shadergraph/list"	"custom_cli"	"vm_auto_shadergraph_list"	"VMUnityAutomation bfc612c350fbc83b37fd33b324670bd7dec7f447 publishes 'shadergraph/list' with its migrated input/output contract and handler; vm_automation_call exposes it as 'vm_auto_shadergraph_list' without an MCP transport."
"shadergraph/list-shaders"	"custom_cli"	"vm_auto_shadergraph_list_shaders"	"VMUnityAutomation bfc612c350fbc83b37fd33b324670bd7dec7f447 publishes 'shadergraph/list-shaders' with its migrated input/output contract and handler; vm_automation_call exposes it as 'vm_auto_shadergraph_list_shaders' without an MCP transport."
"shadergraph/list-subgraphs"	"custom_cli"	"vm_auto_shadergraph_list_subgraphs"	"VMUnityAutomation bfc612c350fbc83b37fd33b324670bd7dec7f447 publishes 'shadergraph/list-subgraphs' with its migrated input/output contract and handler; vm_automation_call exposes it as 'vm_auto_shadergraph_list_subgraphs' without an MCP transport."
"shadergraph/list-vfx"	"custom_cli"	"vm_auto_shadergraph_list_vfx"	"VMUnityAutomation bfc612c350fbc83b37fd33b324670bd7dec7f447 publishes 'shadergraph/list-vfx' with its migrated input/output contract and handler; vm_automation_call exposes it as 'vm_auto_shadergraph_list_vfx' without an MCP transport."
"shadergraph/open"	"custom_cli"	"vm_auto_shadergraph_open"	"VMUnityAutomation bfc612c350fbc83b37fd33b324670bd7dec7f447 publishes 'shadergraph/open' with its migrated input/output contract and handler; vm_automation_call exposes it as 'vm_auto_shadergraph_open' without an MCP transport."
"shadergraph/open-vfx"	"custom_cli"	"vm_auto_shadergraph_open_vfx"	"VMUnityAutomation bfc612c350fbc83b37fd33b324670bd7dec7f447 publishes 'shadergraph/open-vfx' with its migrated input/output contract and handler; vm_automation_call exposes it as 'vm_auto_shadergraph_open_vfx' without an MCP transport."
"shadergraph/remove-node"	"custom_cli"	"vm_auto_shadergraph_remove_node"	"VMUnityAutomation bfc612c350fbc83b37fd33b324670bd7dec7f447 publishes 'shadergraph/remove-node' with its migrated input/output contract and handler; vm_automation_call exposes it as 'vm_auto_shadergraph_remove_node' without an MCP transport."
"shadergraph/set-node-property"	"custom_cli"	"vm_auto_shadergraph_set_node_property"	"VMUnityAutomation bfc612c350fbc83b37fd33b324670bd7dec7f447 publishes 'shadergraph/set-node-property' with its migrated input/output contract and handler; vm_automation_call exposes it as 'vm_auto_shadergraph_set_node_property' without an MCP transport."
"shadergraph/status"	"custom_cli"	"vm_auto_shadergraph_status"	"VMUnityAutomation bfc612c350fbc83b37fd33b324670bd7dec7f447 publishes 'shadergraph/status' with its migrated input/output contract and handler; vm_automation_call exposes it as 'vm_auto_shadergraph_status' without an MCP transport."
"sprite/pixel-check"	"custom_cli"	"vm_auto_sprite_pixel_check"	"VMUnityAutomation bfc612c350fbc83b37fd33b324670bd7dec7f447 publishes 'sprite/pixel-check' with its migrated input/output contract and handler; vm_automation_call exposes it as 'vm_auto_sprite_pixel_check' without an MCP transport."
"sprite/replace-and-slice"	"custom_cli"	"vm_auto_sprite_replace_and_slice"	"VMUnityAutomation bfc612c350fbc83b37fd33b324670bd7dec7f447 publishes 'sprite/replace-and-slice' with its migrated input/output contract and handler; vm_automation_call exposes it as 'vm_auto_sprite_replace_and_slice' without an MCP transport."
"sprite/replace-slice-update-clip"	"custom_cli"	"vm_auto_sprite_replace_slice_update_clip"	"VMUnityAutomation bfc612c350fbc83b37fd33b324670bd7dec7f447 publishes 'sprite/replace-slice-update-clip' with its migrated input/output contract and handler; vm_automation_call exposes it as 'vm_auto_sprite_replace_slice_update_clip' without an MCP transport."
"sprite/sheet-info"	"custom_cli"	"vm_auto_sprite_sheet_info"	"VMUnityAutomation bfc612c350fbc83b37fd33b324670bd7dec7f447 publishes 'sprite/sheet-info' with its migrated input/output contract and handler; vm_automation_call exposes it as 'vm_auto_sprite_sheet_info' without an MCP transport."
"sprite/slice-sheet"	"custom_cli"	"vm_auto_sprite_slice_sheet"	"VMUnityAutomation bfc612c350fbc83b37fd33b324670bd7dec7f447 publishes 'sprite/slice-sheet' with its migrated input/output contract and handler; vm_automation_call exposes it as 'vm_auto_sprite_slice_sheet' without an MCP transport."
"sprite/update-animation-clip"	"custom_cli"	"vm_auto_sprite_update_animation_clip"	"VMUnityAutomation bfc612c350fbc83b37fd33b324670bd7dec7f447 publishes 'sprite/update-animation-clip' with its migrated input/output contract and handler; vm_automation_call exposes it as 'vm_auto_sprite_update_animation_clip' without an MCP transport."
"spriteatlas/add"	"custom_cli"	"vm_auto_spriteatlas_add"	"VMUnityAutomation bfc612c350fbc83b37fd33b324670bd7dec7f447 publishes 'spriteatlas/add' with its migrated input/output contract and handler; vm_automation_call exposes it as 'vm_auto_spriteatlas_add' without an MCP transport."
"spriteatlas/create"	"custom_cli"	"vm_auto_spriteatlas_create"	"VMUnityAutomation bfc612c350fbc83b37fd33b324670bd7dec7f447 publishes 'spriteatlas/create' with its migrated input/output contract and handler; vm_automation_call exposes it as 'vm_auto_spriteatlas_create' without an MCP transport."
"spriteatlas/delete"	"custom_cli"	"vm_auto_spriteatlas_delete"	"VMUnityAutomation bfc612c350fbc83b37fd33b324670bd7dec7f447 publishes 'spriteatlas/delete' with its migrated input/output contract and handler; vm_automation_call exposes it as 'vm_auto_spriteatlas_delete' without an MCP transport."
"spriteatlas/info"	"custom_cli"	"vm_auto_spriteatlas_info"	"VMUnityAutomation bfc612c350fbc83b37fd33b324670bd7dec7f447 publishes 'spriteatlas/info' with its migrated input/output contract and handler; vm_automation_call exposes it as 'vm_auto_spriteatlas_info' without an MCP transport."
"spriteatlas/list"	"custom_cli"	"vm_auto_spriteatlas_list"	"VMUnityAutomation bfc612c350fbc83b37fd33b324670bd7dec7f447 publishes 'spriteatlas/list' with its migrated input/output contract and handler; vm_automation_call exposes it as 'vm_auto_spriteatlas_list' without an MCP transport."
"spriteatlas/remove"	"custom_cli"	"vm_auto_spriteatlas_remove"	"VMUnityAutomation bfc612c350fbc83b37fd33b324670bd7dec7f447 publishes 'spriteatlas/remove' with its migrated input/output contract and handler; vm_automation_call exposes it as 'vm_auto_spriteatlas_remove' without an MCP transport."
"spriteatlas/settings"	"custom_cli"	"vm_auto_spriteatlas_settings"	"VMUnityAutomation bfc612c350fbc83b37fd33b324670bd7dec7f447 publishes 'spriteatlas/settings' with its migrated input/output contract and handler; vm_automation_call exposes it as 'vm_auto_spriteatlas_settings' without an MCP transport."
"taglayer/add-tag"	"custom_cli"	"vm_auto_taglayer_add_tag"	"VMUnityAutomation bfc612c350fbc83b37fd33b324670bd7dec7f447 publishes 'taglayer/add-tag' with its migrated input/output contract and handler; vm_automation_call exposes it as 'vm_auto_taglayer_add_tag' without an MCP transport."
"taglayer/info"	"custom_cli"	"vm_auto_taglayer_info"	"VMUnityAutomation bfc612c350fbc83b37fd33b324670bd7dec7f447 publishes 'taglayer/info' with its migrated input/output contract and handler; vm_automation_call exposes it as 'vm_auto_taglayer_info' without an MCP transport."
"taglayer/set-layer"	"custom_cli"	"vm_auto_taglayer_set_layer"	"VMUnityAutomation bfc612c350fbc83b37fd33b324670bd7dec7f447 publishes 'taglayer/set-layer' with its migrated input/output contract and handler; vm_automation_call exposes it as 'vm_auto_taglayer_set_layer' without an MCP transport."
"taglayer/set-static"	"custom_cli"	"vm_auto_taglayer_set_static"	"VMUnityAutomation bfc612c350fbc83b37fd33b324670bd7dec7f447 publishes 'taglayer/set-static' with its migrated input/output contract and handler; vm_automation_call exposes it as 'vm_auto_taglayer_set_static' without an MCP transport."
"taglayer/set-tag"	"custom_cli"	"vm_auto_taglayer_set_tag"	"VMUnityAutomation bfc612c350fbc83b37fd33b324670bd7dec7f447 publishes 'taglayer/set-tag' with its migrated input/output contract and handler; vm_automation_call exposes it as 'vm_auto_taglayer_set_tag' without an MCP transport."
"terrain/add-detail-prototype"	"custom_cli"	"vm_auto_terrain_add_detail_prototype"	"VMUnityAutomation bfc612c350fbc83b37fd33b324670bd7dec7f447 publishes 'terrain/add-detail-prototype' with its migrated input/output contract and handler; vm_automation_call exposes it as 'vm_auto_terrain_add_detail_prototype' without an MCP transport."
"terrain/add-layer"	"custom_cli"	"vm_auto_terrain_add_layer"	"VMUnityAutomation bfc612c350fbc83b37fd33b324670bd7dec7f447 publishes 'terrain/add-layer' with its migrated input/output contract and handler; vm_automation_call exposes it as 'vm_auto_terrain_add_layer' without an MCP transport."
"terrain/add-tree-prototype"	"custom_cli"	"vm_auto_terrain_add_tree_prototype"	"VMUnityAutomation bfc612c350fbc83b37fd33b324670bd7dec7f447 publishes 'terrain/add-tree-prototype' with its migrated input/output contract and handler; vm_automation_call exposes it as 'vm_auto_terrain_add_tree_prototype' without an MCP transport."
"terrain/clear-detail"	"custom_cli"	"vm_auto_terrain_clear_detail"	"VMUnityAutomation bfc612c350fbc83b37fd33b324670bd7dec7f447 publishes 'terrain/clear-detail' with its migrated input/output contract and handler; vm_automation_call exposes it as 'vm_auto_terrain_clear_detail' without an MCP transport."
"terrain/clear-trees"	"custom_cli"	"vm_auto_terrain_clear_trees"	"VMUnityAutomation bfc612c350fbc83b37fd33b324670bd7dec7f447 publishes 'terrain/clear-trees' with its migrated input/output contract and handler; vm_automation_call exposes it as 'vm_auto_terrain_clear_trees' without an MCP transport."
"terrain/create"	"custom_cli"	"vm_auto_terrain_create"	"VMUnityAutomation bfc612c350fbc83b37fd33b324670bd7dec7f447 publishes 'terrain/create' with its migrated input/output contract and handler; vm_automation_call exposes it as 'vm_auto_terrain_create' without an MCP transport."
"terrain/create-grid"	"custom_cli"	"vm_auto_terrain_create_grid"	"VMUnityAutomation bfc612c350fbc83b37fd33b324670bd7dec7f447 publishes 'terrain/create-grid' with its migrated input/output contract and handler; vm_automation_call exposes it as 'vm_auto_terrain_create_grid' without an MCP transport."
"terrain/export-heightmap"	"custom_cli"	"vm_auto_terrain_export_heightmap"	"VMUnityAutomation bfc612c350fbc83b37fd33b324670bd7dec7f447 publishes 'terrain/export-heightmap' with its migrated input/output contract and handler; vm_automation_call exposes it as 'vm_auto_terrain_export_heightmap' without an MCP transport."
"terrain/fill-layer"	"custom_cli"	"vm_auto_terrain_fill_layer"	"VMUnityAutomation bfc612c350fbc83b37fd33b324670bd7dec7f447 publishes 'terrain/fill-layer' with its migrated input/output contract and handler; vm_automation_call exposes it as 'vm_auto_terrain_fill_layer' without an MCP transport."
"terrain/flatten"	"custom_cli"	"vm_auto_terrain_flatten"	"VMUnityAutomation bfc612c350fbc83b37fd33b324670bd7dec7f447 publishes 'terrain/flatten' with its migrated input/output contract and handler; vm_automation_call exposes it as 'vm_auto_terrain_flatten' without an MCP transport."
"terrain/get-height"	"custom_cli"	"vm_auto_terrain_get_height"	"VMUnityAutomation bfc612c350fbc83b37fd33b324670bd7dec7f447 publishes 'terrain/get-height' with its migrated input/output contract and handler; vm_automation_call exposes it as 'vm_auto_terrain_get_height' without an MCP transport."
"terrain/get-heights-region"	"custom_cli"	"vm_auto_terrain_get_heights_region"	"VMUnityAutomation bfc612c350fbc83b37fd33b324670bd7dec7f447 publishes 'terrain/get-heights-region' with its migrated input/output contract and handler; vm_automation_call exposes it as 'vm_auto_terrain_get_heights_region' without an MCP transport."
"terrain/get-steepness"	"custom_cli"	"vm_auto_terrain_get_steepness"	"VMUnityAutomation bfc612c350fbc83b37fd33b324670bd7dec7f447 publishes 'terrain/get-steepness' with its migrated input/output contract and handler; vm_automation_call exposes it as 'vm_auto_terrain_get_steepness' without an MCP transport."
"terrain/get-tree-instances"	"custom_cli"	"vm_auto_terrain_get_tree_instances"	"VMUnityAutomation bfc612c350fbc83b37fd33b324670bd7dec7f447 publishes 'terrain/get-tree-instances' with its migrated input/output contract and handler; vm_automation_call exposes it as 'vm_auto_terrain_get_tree_instances' without an MCP transport."
"terrain/import-heightmap"	"custom_cli"	"vm_auto_terrain_import_heightmap"	"VMUnityAutomation bfc612c350fbc83b37fd33b324670bd7dec7f447 publishes 'terrain/import-heightmap' with its migrated input/output contract and handler; vm_automation_call exposes it as 'vm_auto_terrain_import_heightmap' without an MCP transport."
"terrain/info"	"custom_cli"	"vm_auto_terrain_info"	"VMUnityAutomation bfc612c350fbc83b37fd33b324670bd7dec7f447 publishes 'terrain/info' with its migrated input/output contract and handler; vm_automation_call exposes it as 'vm_auto_terrain_info' without an MCP transport."
"terrain/list"	"custom_cli"	"vm_auto_terrain_list"	"VMUnityAutomation bfc612c350fbc83b37fd33b324670bd7dec7f447 publishes 'terrain/list' with its migrated input/output contract and handler; vm_automation_call exposes it as 'vm_auto_terrain_list' without an MCP transport."
"terrain/noise"	"custom_cli"	"vm_auto_terrain_noise"	"VMUnityAutomation bfc612c350fbc83b37fd33b324670bd7dec7f447 publishes 'terrain/noise' with its migrated input/output contract and handler; vm_automation_call exposes it as 'vm_auto_terrain_noise' without an MCP transport."
"terrain/paint-detail"	"custom_cli"	"vm_auto_terrain_paint_detail"	"VMUnityAutomation bfc612c350fbc83b37fd33b324670bd7dec7f447 publishes 'terrain/paint-detail' with its migrated input/output contract and handler; vm_automation_call exposes it as 'vm_auto_terrain_paint_detail' without an MCP transport."
"terrain/paint-layer"	"custom_cli"	"vm_auto_terrain_paint_layer"	"VMUnityAutomation bfc612c350fbc83b37fd33b324670bd7dec7f447 publishes 'terrain/paint-layer' with its migrated input/output contract and handler; vm_automation_call exposes it as 'vm_auto_terrain_paint_layer' without an MCP transport."
"terrain/place-trees"	"custom_cli"	"vm_auto_terrain_place_trees"	"VMUnityAutomation bfc612c350fbc83b37fd33b324670bd7dec7f447 publishes 'terrain/place-trees' with its migrated input/output contract and handler; vm_automation_call exposes it as 'vm_auto_terrain_place_trees' without an MCP transport."
"terrain/raise-lower"	"custom_cli"	"vm_auto_terrain_raise_lower"	"VMUnityAutomation bfc612c350fbc83b37fd33b324670bd7dec7f447 publishes 'terrain/raise-lower' with its migrated input/output contract and handler; vm_automation_call exposes it as 'vm_auto_terrain_raise_lower' without an MCP transport."
"terrain/remove-layer"	"custom_cli"	"vm_auto_terrain_remove_layer"	"VMUnityAutomation bfc612c350fbc83b37fd33b324670bd7dec7f447 publishes 'terrain/remove-layer' with its migrated input/output contract and handler; vm_automation_call exposes it as 'vm_auto_terrain_remove_layer' without an MCP transport."
"terrain/remove-tree-prototype"	"custom_cli"	"vm_auto_terrain_remove_tree_prototype"	"VMUnityAutomation bfc612c350fbc83b37fd33b324670bd7dec7f447 publishes 'terrain/remove-tree-prototype' with its migrated input/output contract and handler; vm_automation_call exposes it as 'vm_auto_terrain_remove_tree_prototype' without an MCP transport."
"terrain/resize"	"custom_cli"	"vm_auto_terrain_resize"	"VMUnityAutomation bfc612c350fbc83b37fd33b324670bd7dec7f447 publishes 'terrain/resize' with its migrated input/output contract and handler; vm_automation_call exposes it as 'vm_auto_terrain_resize' without an MCP transport."
"terrain/scatter-detail"	"custom_cli"	"vm_auto_terrain_scatter_detail"	"VMUnityAutomation bfc612c350fbc83b37fd33b324670bd7dec7f447 publishes 'terrain/scatter-detail' with its migrated input/output contract and handler; vm_automation_call exposes it as 'vm_auto_terrain_scatter_detail' without an MCP transport."
"terrain/set-height"	"custom_cli"	"vm_auto_terrain_set_height"	"VMUnityAutomation bfc612c350fbc83b37fd33b324670bd7dec7f447 publishes 'terrain/set-height' with its migrated input/output contract and handler; vm_automation_call exposes it as 'vm_auto_terrain_set_height' without an MCP transport."
"terrain/set-heights-region"	"custom_cli"	"vm_auto_terrain_set_heights_region"	"VMUnityAutomation bfc612c350fbc83b37fd33b324670bd7dec7f447 publishes 'terrain/set-heights-region' with its migrated input/output contract and handler; vm_automation_call exposes it as 'vm_auto_terrain_set_heights_region' without an MCP transport."
"terrain/set-holes"	"custom_cli"	"vm_auto_terrain_set_holes"	"VMUnityAutomation bfc612c350fbc83b37fd33b324670bd7dec7f447 publishes 'terrain/set-holes' with its migrated input/output contract and handler; vm_automation_call exposes it as 'vm_auto_terrain_set_holes' without an MCP transport."
"terrain/set-neighbors"	"custom_cli"	"vm_auto_terrain_set_neighbors"	"VMUnityAutomation bfc612c350fbc83b37fd33b324670bd7dec7f447 publishes 'terrain/set-neighbors' with its migrated input/output contract and handler; vm_automation_call exposes it as 'vm_auto_terrain_set_neighbors' without an MCP transport."
"terrain/set-settings"	"custom_cli"	"vm_auto_terrain_set_settings"	"VMUnityAutomation bfc612c350fbc83b37fd33b324670bd7dec7f447 publishes 'terrain/set-settings' with its migrated input/output contract and handler; vm_automation_call exposes it as 'vm_auto_terrain_set_settings' without an MCP transport."
"terrain/smooth"	"custom_cli"	"vm_auto_terrain_smooth"	"VMUnityAutomation bfc612c350fbc83b37fd33b324670bd7dec7f447 publishes 'terrain/smooth' with its migrated input/output contract and handler; vm_automation_call exposes it as 'vm_auto_terrain_smooth' without an MCP transport."
"testing/get-job"	"custom_cli"	"vm_auto_testing_get_job"	"VMUnityAutomation bfc612c350fbc83b37fd33b324670bd7dec7f447 publishes 'testing/get-job' with its migrated input/output contract and handler; vm_automation_call exposes it as 'vm_auto_testing_get_job' without an MCP transport."
"testing/get-package-job"	"custom_cli"	"vm_auto_testing_get_package_job"	"VMUnityAutomation bfc612c350fbc83b37fd33b324670bd7dec7f447 publishes 'testing/get-package-job' with its migrated input/output contract and handler; vm_automation_call exposes it as 'vm_auto_testing_get_package_job' without an MCP transport."
"testing/list-tests"	"custom_cli"	"vm_auto_testing_list_tests"	"VMUnityAutomation bfc612c350fbc83b37fd33b324670bd7dec7f447 publishes 'testing/list-tests' with its migrated input/output contract and handler; vm_automation_call exposes it as 'vm_auto_testing_list_tests' without an MCP transport."
"testing/run-package-tests"	"custom_cli"	"vm_auto_testing_run_package_tests"	"VMUnityAutomation bfc612c350fbc83b37fd33b324670bd7dec7f447 publishes 'testing/run-package-tests' with its migrated input/output contract and handler; vm_automation_call exposes it as 'vm_auto_testing_run_package_tests' without an MCP transport."
"testing/run-tests"	"custom_cli"	"vm_auto_testing_run_tests"	"VMUnityAutomation bfc612c350fbc83b37fd33b324670bd7dec7f447 publishes 'testing/run-tests' with its migrated input/output contract and handler; vm_automation_call exposes it as 'vm_auto_testing_run_tests' without an MCP transport."
"textcore/sprite-asset/upsert-images"	"custom_cli"	"vm_auto_textcore_sprite_asset_upsert_images"	"VMUnityAutomation bfc612c350fbc83b37fd33b324670bd7dec7f447 publishes 'textcore/sprite-asset/upsert-images' with its migrated input/output contract and handler; vm_automation_call exposes it as 'vm_auto_textcore_sprite_asset_upsert_images' without an MCP transport."
"textmeshpro/font-asset/upsert-bitmap-glyphs"	"custom_cli"	"vm_auto_textmeshpro_font_asset_upsert_bitmap_glyphs"	"VMUnityAutomation bfc612c350fbc83b37fd33b324670bd7dec7f447 publishes 'textmeshpro/font-asset/upsert-bitmap-glyphs' with its migrated input/output contract and handler; vm_automation_call exposes it as 'vm_auto_textmeshpro_font_asset_upsert_bitmap_glyphs' without an MCP transport."
"texture/apply-sprite-preset"	"custom_cli"	"vm_auto_texture_apply_sprite_preset"	"VMUnityAutomation bfc612c350fbc83b37fd33b324670bd7dec7f447 publishes 'texture/apply-sprite-preset' with its migrated input/output contract and handler; vm_automation_call exposes it as 'vm_auto_texture_apply_sprite_preset' without an MCP transport."
"texture/check-import-settings"	"custom_cli"	"vm_auto_texture_check_import_settings"	"VMUnityAutomation bfc612c350fbc83b37fd33b324670bd7dec7f447 publishes 'texture/check-import-settings' with its migrated input/output contract and handler; vm_automation_call exposes it as 'vm_auto_texture_check_import_settings' without an MCP transport."
"texture/check-ui-import-settings"	"custom_cli"	"vm_auto_texture_check_ui_import_settings"	"VMUnityAutomation bfc612c350fbc83b37fd33b324670bd7dec7f447 publishes 'texture/check-ui-import-settings' with its migrated input/output contract and handler; vm_automation_call exposes it as 'vm_auto_texture_check_ui_import_settings' without an MCP transport."
"texture/find-duplicates"	"custom_cli"	"vm_auto_texture_find_duplicates"	"VMUnityAutomation bfc612c350fbc83b37fd33b324670bd7dec7f447 publishes 'texture/find-duplicates' with its migrated input/output contract and handler; vm_automation_call exposes it as 'vm_auto_texture_find_duplicates' without an MCP transport."
"texture/import-image"	"custom_cli"	"vm_auto_texture_import_image"	"VMUnityAutomation bfc612c350fbc83b37fd33b324670bd7dec7f447 publishes 'texture/import-image' with its migrated input/output contract and handler; vm_automation_call exposes it as 'vm_auto_texture_import_image' without an MCP transport."
"texture/info"	"custom_cli"	"vm_auto_texture_info"	"VMUnityAutomation bfc612c350fbc83b37fd33b324670bd7dec7f447 publishes 'texture/info' with its migrated input/output contract and handler; vm_automation_call exposes it as 'vm_auto_texture_info' without an MCP transport."
"texture/reimport"	"custom_cli"	"vm_auto_texture_reimport"	"VMUnityAutomation bfc612c350fbc83b37fd33b324670bd7dec7f447 publishes 'texture/reimport' with its migrated input/output contract and handler; vm_automation_call exposes it as 'vm_auto_texture_reimport' without an MCP transport."
"texture/set-import"	"custom_cli"	"vm_auto_texture_set_import"	"VMUnityAutomation bfc612c350fbc83b37fd33b324670bd7dec7f447 publishes 'texture/set-import' with its migrated input/output contract and handler; vm_automation_call exposes it as 'vm_auto_texture_set_import' without an MCP transport."
"timeline/info"	"custom_cli"	"vm_auto_timeline_info"	"VMUnityAutomation bfc612c350fbc83b37fd33b324670bd7dec7f447 publishes 'timeline/info' with its migrated input/output contract and handler; vm_automation_call exposes it as 'vm_auto_timeline_info' without an MCP transport."
"timeline/transaction"	"custom_cli"	"vm_auto_timeline_transaction"	"VMUnityAutomation bfc612c350fbc83b37fd33b324670bd7dec7f447 publishes 'timeline/transaction' with its migrated input/output contract and handler; vm_automation_call exposes it as 'vm_auto_timeline_transaction' without an MCP transport."
"ui/create-canvas"	"custom_cli"	"vm_auto_ui_create_canvas"	"VMUnityAutomation bfc612c350fbc83b37fd33b324670bd7dec7f447 publishes 'ui/create-canvas' with its migrated input/output contract and handler; vm_automation_call exposes it as 'vm_auto_ui_create_canvas' without an MCP transport."
"ui/create-element"	"custom_cli"	"vm_auto_ui_create_element"	"VMUnityAutomation bfc612c350fbc83b37fd33b324670bd7dec7f447 publishes 'ui/create-element' with its migrated input/output contract and handler; vm_automation_call exposes it as 'vm_auto_ui_create_element' without an MCP transport."
"ui/info"	"custom_cli"	"vm_auto_ui_info"	"VMUnityAutomation bfc612c350fbc83b37fd33b324670bd7dec7f447 publishes 'ui/info' with its migrated input/output contract and handler; vm_automation_call exposes it as 'vm_auto_ui_info' without an MCP transport."
"ui/set-image"	"custom_cli"	"vm_auto_ui_set_image"	"VMUnityAutomation bfc612c350fbc83b37fd33b324670bd7dec7f447 publishes 'ui/set-image' with its migrated input/output contract and handler; vm_automation_call exposes it as 'vm_auto_ui_set_image' without an MCP transport."
"ui/set-text"	"custom_cli"	"vm_auto_ui_set_text"	"VMUnityAutomation bfc612c350fbc83b37fd33b324670bd7dec7f447 publishes 'ui/set-text' with its migrated input/output contract and handler; vm_automation_call exposes it as 'vm_auto_ui_set_text' without an MCP transport."
"uitoolkit/assert-layout"	"custom_cli"	"vm_auto_uitoolkit_assert_layout"	"VMUnityAutomation bfc612c350fbc83b37fd33b324670bd7dec7f447 publishes 'uitoolkit/assert-layout' with its migrated input/output contract and handler; vm_automation_call exposes it as 'vm_auto_uitoolkit_assert_layout' without an MCP transport."
"uitoolkit/asset-inspect"	"custom_cli"	"vm_auto_uitoolkit_asset_inspect"	"VMUnityAutomation bfc612c350fbc83b37fd33b324670bd7dec7f447 publishes 'uitoolkit/asset-inspect' with its migrated input/output contract and handler; vm_automation_call exposes it as 'vm_auto_uitoolkit_asset_inspect' without an MCP transport."
"uitoolkit/audit-uss-styles"	"custom_cli"	"vm_auto_uitoolkit_audit_uss_styles"	"VMUnityAutomation bfc612c350fbc83b37fd33b324670bd7dec7f447 publishes 'uitoolkit/audit-uss-styles' with its migrated input/output contract and handler; vm_automation_call exposes it as 'vm_auto_uitoolkit_audit_uss_styles' without an MCP transport."
"uitoolkit/audit-uxml-layout"	"custom_cli"	"vm_auto_uitoolkit_audit_uxml_layout"	"VMUnityAutomation bfc612c350fbc83b37fd33b324670bd7dec7f447 publishes 'uitoolkit/audit-uxml-layout' with its migrated input/output contract and handler; vm_automation_call exposes it as 'vm_auto_uitoolkit_audit_uxml_layout' without an MCP transport."
"uitoolkit/authoring-transaction"	"custom_cli"	"vm_auto_uitoolkit_authoring_transaction"	"VMUnityAutomation bfc612c350fbc83b37fd33b324670bd7dec7f447 publishes 'uitoolkit/authoring-transaction' with its migrated input/output contract and handler; vm_automation_call exposes it as 'vm_auto_uitoolkit_authoring_transaction' without an MCP transport."
"uitoolkit/builder-preview"	"custom_cli"	"vm_auto_uitoolkit_builder_preview"	"VMUnityAutomation bfc612c350fbc83b37fd33b324670bd7dec7f447 publishes 'uitoolkit/builder-preview' with its migrated input/output contract and handler; vm_automation_call exposes it as 'vm_auto_uitoolkit_builder_preview' without an MCP transport."
"uitoolkit/capture-element"	"custom_cli"	"vm_auto_uitoolkit_capture_element"	"VMUnityAutomation bfc612c350fbc83b37fd33b324670bd7dec7f447 publishes 'uitoolkit/capture-element' with its migrated input/output contract and handler; vm_automation_call exposes it as 'vm_auto_uitoolkit_capture_element' without an MCP transport."
"uitoolkit/compare-element"	"custom_cli"	"vm_auto_uitoolkit_compare_element"	"VMUnityAutomation bfc612c350fbc83b37fd33b324670bd7dec7f447 publishes 'uitoolkit/compare-element' with its migrated input/output contract and handler; vm_automation_call exposes it as 'vm_auto_uitoolkit_compare_element' without an MCP transport."
"uitoolkit/diagnose-runtime"	"custom_cli"	"vm_auto_uitoolkit_diagnose_runtime"	"VMUnityAutomation bfc612c350fbc83b37fd33b324670bd7dec7f447 publishes 'uitoolkit/diagnose-runtime' with its migrated input/output contract and handler; vm_automation_call exposes it as 'vm_auto_uitoolkit_diagnose_runtime' without an MCP transport."
"uitoolkit/edit-uss"	"custom_cli"	"vm_auto_uitoolkit_edit_uss"	"VMUnityAutomation bfc612c350fbc83b37fd33b324670bd7dec7f447 publishes 'uitoolkit/edit-uss' with its migrated input/output contract and handler; vm_automation_call exposes it as 'vm_auto_uitoolkit_edit_uss' without an MCP transport."
"uitoolkit/edit-uxml"	"custom_cli"	"vm_auto_uitoolkit_edit_uxml"	"VMUnityAutomation bfc612c350fbc83b37fd33b324670bd7dec7f447 publishes 'uitoolkit/edit-uxml' with its migrated input/output contract and handler; vm_automation_call exposes it as 'vm_auto_uitoolkit_edit_uxml' without an MCP transport."
"uitoolkit/generated-children"	"custom_cli"	"vm_auto_uitoolkit_generated_children"	"VMUnityAutomation bfc612c350fbc83b37fd33b324670bd7dec7f447 publishes 'uitoolkit/generated-children' with its migrated input/output contract and handler; vm_automation_call exposes it as 'vm_auto_uitoolkit_generated_children' without an MCP transport."
"uitoolkit/locate-element"	"custom_cli"	"vm_auto_uitoolkit_locate_element"	"VMUnityAutomation bfc612c350fbc83b37fd33b324670bd7dec7f447 publishes 'uitoolkit/locate-element' with its migrated input/output contract and handler; vm_automation_call exposes it as 'vm_auto_uitoolkit_locate_element' without an MCP transport."
"uitoolkit/query"	"custom_cli"	"vm_auto_uitoolkit_query"	"VMUnityAutomation bfc612c350fbc83b37fd33b324670bd7dec7f447 publishes 'uitoolkit/query' with its migrated input/output contract and handler; vm_automation_call exposes it as 'vm_auto_uitoolkit_query' without an MCP transport."
"uitoolkit/refresh"	"custom_cli"	"vm_auto_uitoolkit_refresh"	"VMUnityAutomation bfc612c350fbc83b37fd33b324670bd7dec7f447 publishes 'uitoolkit/refresh' with its migrated input/output contract and handler; vm_automation_call exposes it as 'vm_auto_uitoolkit_refresh' without an MCP transport."
"uitoolkit/repaint"	"custom_cli"	"vm_auto_uitoolkit_repaint"	"VMUnityAutomation bfc612c350fbc83b37fd33b324670bd7dec7f447 publishes 'uitoolkit/repaint' with its migrated input/output contract and handler; vm_automation_call exposes it as 'vm_auto_uitoolkit_repaint' without an MCP transport."
"uitoolkit/resource-audit"	"custom_cli"	"vm_auto_uitoolkit_resource_audit"	"VMUnityAutomation bfc612c350fbc83b37fd33b324670bd7dec7f447 publishes 'uitoolkit/resource-audit' with its migrated input/output contract and handler; vm_automation_call exposes it as 'vm_auto_uitoolkit_resource_audit' without an MCP transport."
"uitoolkit/runtime-documents"	"custom_cli"	"vm_auto_uitoolkit_runtime_documents"	"VMUnityAutomation bfc612c350fbc83b37fd33b324670bd7dec7f447 publishes 'uitoolkit/runtime-documents' with its migrated input/output contract and handler; vm_automation_call exposes it as 'vm_auto_uitoolkit_runtime_documents' without an MCP transport."
"uitoolkit/runtime-query"	"custom_cli"	"vm_auto_uitoolkit_runtime_query"	"VMUnityAutomation bfc612c350fbc83b37fd33b324670bd7dec7f447 publishes 'uitoolkit/runtime-query' with its migrated input/output contract and handler; vm_automation_call exposes it as 'vm_auto_uitoolkit_runtime_query' without an MCP transport."
"uitoolkit/runtime-repaint"	"custom_cli"	"vm_auto_uitoolkit_runtime_repaint"	"VMUnityAutomation bfc612c350fbc83b37fd33b324670bd7dec7f447 publishes 'uitoolkit/runtime-repaint' with its migrated input/output contract and handler; vm_automation_call exposes it as 'vm_auto_uitoolkit_runtime_repaint' without an MCP transport."
"uitoolkit/runtime-style"	"custom_cli"	"vm_auto_uitoolkit_runtime_style"	"VMUnityAutomation bfc612c350fbc83b37fd33b324670bd7dec7f447 publishes 'uitoolkit/runtime-style' with its migrated input/output contract and handler; vm_automation_call exposes it as 'vm_auto_uitoolkit_runtime_style' without an MCP transport."
"uitoolkit/runtime-tree"	"custom_cli"	"vm_auto_uitoolkit_runtime_tree"	"VMUnityAutomation bfc612c350fbc83b37fd33b324670bd7dec7f447 publishes 'uitoolkit/runtime-tree' with its migrated input/output contract and handler; vm_automation_call exposes it as 'vm_auto_uitoolkit_runtime_tree' without an MCP transport."
"uitoolkit/style"	"custom_cli"	"vm_auto_uitoolkit_style"	"VMUnityAutomation bfc612c350fbc83b37fd33b324670bd7dec7f447 publishes 'uitoolkit/style' with its migrated input/output contract and handler; vm_automation_call exposes it as 'vm_auto_uitoolkit_style' without an MCP transport."
"uitoolkit/tree"	"custom_cli"	"vm_auto_uitoolkit_tree"	"VMUnityAutomation bfc612c350fbc83b37fd33b324670bd7dec7f447 publishes 'uitoolkit/tree' with its migrated input/output contract and handler; vm_automation_call exposes it as 'vm_auto_uitoolkit_tree' without an MCP transport."
"uitoolkit/visual-check"	"custom_cli"	"vm_auto_uitoolkit_visual_check"	"VMUnityAutomation bfc612c350fbc83b37fd33b324670bd7dec7f447 publishes 'uitoolkit/visual-check' with its migrated input/output contract and handler; vm_automation_call exposes it as 'vm_auto_uitoolkit_visual_check' without an MCP transport."
"uitoolkit/windows"	"custom_cli"	"vm_auto_uitoolkit_windows"	"VMUnityAutomation bfc612c350fbc83b37fd33b324670bd7dec7f447 publishes 'uitoolkit/windows' with its migrated input/output contract and handler; vm_automation_call exposes it as 'vm_auto_uitoolkit_windows' without an MCP transport."
"undo/clear"	"custom_cli"	"vm_auto_undo_clear"	"VMUnityAutomation bfc612c350fbc83b37fd33b324670bd7dec7f447 publishes 'undo/clear' with its migrated input/output contract and handler; vm_automation_call exposes it as 'vm_auto_undo_clear' without an MCP transport."
"undo/history"	"custom_cli"	"vm_auto_undo_history"	"VMUnityAutomation bfc612c350fbc83b37fd33b324670bd7dec7f447 publishes 'undo/history' with its migrated input/output contract and handler; vm_automation_call exposes it as 'vm_auto_undo_history' without an MCP transport."
"undo/perform"	"custom_cli"	"vm_auto_undo_perform"	"VMUnityAutomation bfc612c350fbc83b37fd33b324670bd7dec7f447 publishes 'undo/perform' with its migrated input/output contract and handler; vm_automation_call exposes it as 'vm_auto_undo_perform' without an MCP transport."
"undo/redo"	"custom_cli"	"vm_auto_undo_redo"	"VMUnityAutomation bfc612c350fbc83b37fd33b324670bd7dec7f447 publishes 'undo/redo' with its migrated input/output contract and handler; vm_automation_call exposes it as 'vm_auto_undo_redo' without an MCP transport."
"vfxgraph/bake"	"custom_cli"	"vm_auto_vfxgraph_bake"	"VMUnityAutomation bfc612c350fbc83b37fd33b324670bd7dec7f447 publishes 'vfxgraph/bake' with its migrated input/output contract and handler; vm_automation_call exposes it as 'vm_auto_vfxgraph_bake' without an MCP transport."
"vfxgraph/catalog"	"custom_cli"	"vm_auto_vfxgraph_catalog"	"VMUnityAutomation bfc612c350fbc83b37fd33b324670bd7dec7f447 publishes 'vfxgraph/catalog' with its migrated input/output contract and handler; vm_automation_call exposes it as 'vm_auto_vfxgraph_catalog' without an MCP transport."
"vfxgraph/component-control"	"custom_cli"	"vm_auto_vfxgraph_component_control"	"VMUnityAutomation bfc612c350fbc83b37fd33b324670bd7dec7f447 publishes 'vfxgraph/component-control' with its migrated input/output contract and handler; vm_automation_call exposes it as 'vm_auto_vfxgraph_component_control' without an MCP transport."
"vfxgraph/component-info"	"custom_cli"	"vm_auto_vfxgraph_component_info"	"VMUnityAutomation bfc612c350fbc83b37fd33b324670bd7dec7f447 publishes 'vfxgraph/component-info' with its migrated input/output contract and handler; vm_automation_call exposes it as 'vm_auto_vfxgraph_component_info' without an MCP transport."
"vfxgraph/component-transaction"	"custom_cli"	"vm_auto_vfxgraph_component_transaction"	"VMUnityAutomation bfc612c350fbc83b37fd33b324670bd7dec7f447 publishes 'vfxgraph/component-transaction' with its migrated input/output contract and handler; vm_automation_call exposes it as 'vm_auto_vfxgraph_component_transaction' without an MCP transport."
"vfxgraph/create"	"custom_cli"	"vm_auto_vfxgraph_create"	"VMUnityAutomation bfc612c350fbc83b37fd33b324670bd7dec7f447 publishes 'vfxgraph/create' with its migrated input/output contract and handler; vm_automation_call exposes it as 'vm_auto_vfxgraph_create' without an MCP transport."
"vfxgraph/info"	"custom_cli"	"vm_auto_vfxgraph_info"	"VMUnityAutomation bfc612c350fbc83b37fd33b324670bd7dec7f447 publishes 'vfxgraph/info' with its migrated input/output contract and handler; vm_automation_call exposes it as 'vm_auto_vfxgraph_info' without an MCP transport."
"vfxgraph/settings-info"	"custom_cli"	"vm_auto_vfxgraph_settings_info"	"VMUnityAutomation bfc612c350fbc83b37fd33b324670bd7dec7f447 publishes 'vfxgraph/settings-info' with its migrated input/output contract and handler; vm_automation_call exposes it as 'vm_auto_vfxgraph_settings_info' without an MCP transport."
"vfxgraph/settings-transaction"	"custom_cli"	"vm_auto_vfxgraph_settings_transaction"	"VMUnityAutomation bfc612c350fbc83b37fd33b324670bd7dec7f447 publishes 'vfxgraph/settings-transaction' with its migrated input/output contract and handler; vm_automation_call exposes it as 'vm_auto_vfxgraph_settings_transaction' without an MCP transport."
"vfxgraph/transaction"	"custom_cli"	"vm_auto_vfxgraph_transaction"	"VMUnityAutomation bfc612c350fbc83b37fd33b324670bd7dec7f447 publishes 'vfxgraph/transaction' with its migrated input/output contract and handler; vm_automation_call exposes it as 'vm_auto_vfxgraph_transaction' without an MCP transport."
"vfxgraph/validate"	"custom_cli"	"vm_auto_vfxgraph_validate"	"VMUnityAutomation bfc612c350fbc83b37fd33b324670bd7dec7f447 publishes 'vfxgraph/validate' with its migrated input/output contract and handler; vm_automation_call exposes it as 'vm_auto_vfxgraph_validate' without an MCP transport."
"wait/editor-idle"	"custom_cli"	"vm_auto_wait_editor_idle"	"VMUnityAutomation bfc612c350fbc83b37fd33b324670bd7dec7f447 publishes 'wait/editor-idle' with its migrated input/output contract and handler; vm_automation_call exposes it as 'vm_auto_wait_editor_idle' without an MCP transport."
